id,nom_original,llengua_nom_original,nom_altra_llengua,data_inici,dia_setmana_inici,data_fi,hora_inici,hora_fi,lloc,adreca,municipi,zona_cerca,comarca,categoria,llengua_esdeveniment,descripcio_original,llengua_descripcio,url_cartell,organitzador,preu,url_reserva,url_font,data_publicacio_font,data_acces,citacio_literal,confirmacio_2026,estat_vitalitat,nivell_confianca,clau_dedup,motiu_null
2026-01-01-prades-grand-marche,GRAND MARCHÉ DE PRADES — tous les mardis matin,fr,null,2026-01-01,jeudi,2026-12-31,08:00,13:00,Place de la République,"Place de la République, 66500 Prades",Prades / Prada,Conflent,Conflent,market,null,"Tous les mardis matin et pendant toute l’année, participez au célèbre marché de Prades. Un des plus grands du département. Gastronomie, vestimentaire, idées cadeaux, produits locaux et du terroir.",fr,null,null,null,null,https://www.tourisme-canigo.com/agenda/grand-marche-de-prades-fmalar066v52utm8/,null — official Conflent Canigó event page shows no publication/update date,2026-08-19,"Du 01/01/26 au 31/12/26

Mardi : 08h00 à 13h00

Tous les mardis matin et pendant toute l’année, participez au célèbre marché de Prades.","Current official Conflent Canigó event page explicitly publishes 1 January–31 December 2026 and every Tuesday 08:00–13:00 at Place de la République. It is one stated weekly series, modelled once for its full published range rather than as individual September–November dates. Source accessed 2026-08-19.","confirmat — liveness checked 2026-08-19: current official Tourism page remains live; French/Catalan cancellation, postponement, closure and time-change queries returned no series-specific status exception.",A,2026-01-01-prades-grand-marche,"{""data_publicacio_font"": ""official page shows no publication/update date"", ""llengua_esdeveniment"": ""source does not state event language(s)"", ""nom_altra_llengua"": ""no separately verified published Catalan title recovered"", ""organitzador"": ""source does not name an organiser"", ""preu"": ""source does not publish an admission/participation price"", ""recurrence"": ""one row for explicit every-Tuesday recurrence; target-window occurrences 1 Sep–24 Nov 2026"", ""url_cartell"": ""page exposes no direct poster asset URL"", ""url_reserva"": ""source provides no booking URL"", ""window_overlap"": ""full annual explicit recurrence overlaps target window; full source-published range retained""}"
2026-01-15-et-la-lumiere-fut-perpignan,ET LA LUMIÈRE FUT !,fr,null,2026-01-15,jeudi,2026-12-31,11:00,17:30,CASA PAIRAL - CASTILLET,null,Perpinyà / Perpignan,Rosselló,Rosselló,exhibition,null,"L’histoire de l’humanité atteste, depuis « que la lumière fut », du caractère essentiel de cette contribution de l’éclairage à l’avancée du monde.  
  
De nos jours, l’électricité a pris une telle place dans notre vie quotidienne qu’il est difficile d’imaginer la vie sans elle.",fr,https://www.mairie-perpignan.fr/sites/default/files/styles/originale/public/images/expo-et-la-lumiere-fut-2026.jpg?itok=NW_W1X76,null,"Plein tarif : 2,00 €; tarif réduit : 0,00 € (gratuit pour les moins de 26 ans.)",null,https://www.mairie-perpignan.fr/fetes-et-manifestations/et-la-lumiere-fut,null,2026-08-19,"15 janvier au 31 décembre 2026
  
🕖 Tous les jours du 15 janvier au 31 mai 2026 de 11h à 17h30
Tous les jours du 1 juin au 30 septembre 2026 de 10h30 à 18h30
Tous les jours du 1 octobre au 31 décembre 2026 de 11h à 17h30

CASA PAIRAL - CASTILLET
66000 PERPIGNAN",Official Ville de Perpignan agenda entry expressly dates ET LA LUMIÈRE FUT ! from 15 January to 31 December 2026; page shows no publication or last-update date; accessed 2026-08-19.,"confirmat — liveness checked 2026-08-19: the official municipal page displays the 2026 exhibition and no annulé, reporté, complet or déplacé notice.",A,2026-01-15-perpignan-et-la-lumiere,"{""adreca"": ""official municipal page gives venue name and 66000 Perpignan but no street-level address"", ""data_publicacio_font"": ""official municipal page shows no publication or last-update date"", ""hora_inici_hora_fi"": ""The recorded 11:00–17:30 are the official target-window hours from 1 October to 31 December 2026; the source publishes different hours before 1 October."", ""llengua_esdeveniment"": ""official municipal page does not state the exhibition language"", ""nom_altra_llengua"": ""no sourced published Catalan translation"", ""organitzador"": ""official municipal page does not identify a named organiser"", ""url_reserva"": ""official municipal page publishes no booking or specific information URL""}"
2026-04-18-troubadours-roussillonnais-belesta,TROUBADOURS ROUSSILLONNAIS,fr,null,2026-04-18,samedi,2026-12-30,14:00,19:00,Château musée de Bélesta,"5 rue du château, 66720 Bélesta",Bélesta,Fenolleda,Rosselló,exhibition,fr,"""Troubadours Roussillonnais - Traits d'union entre Catalans et Occitans"" est au cœur du Château-Musée de Préhistoire de Bélesta.
Cette très belle exposition vous attend à partir d' Avril jusqu'à fin Décembre 2026.
Elle vous emmènera dans l’univers des troubadours roussillonnais qui racontaient en chantant en occitan des légendes ou des histoires de fin’amour, entre chevaliers et belles dames. Objets, parchemins, châteaux et sites archéologiques évoquent cette époque bien présente dans notre imaginaire contemporain. L’artiste peintre roussillonnais Antoine Noetinger, illustre l’exposition par des œuvres inspirées de l’iconographie médiévale de l’exposition, suivant son thème de prédilection habituel : les chevaliers du Moyen Âge catalan et ses troubadours.""",fr,https://static.neopse.com/medias/p/801/site/8b/28/c7/8b28c7d859b71ebb4fb34c8da5bc81fa854d8ef6.jpg?v=v1,Musée de Bélesta / Château-Musée de Préhistoire de Bélesta,"Plein tarif 5,50 €; tarif réduit 4,50 €",null,https://www.tourisme-pyreneesorientales.com/agenda/troubadours-roussillonnais-belesta-fr-6274421/,null,2026-08-19,"Du 18 avril 2026 au 15 juin 2026
Du 15 juin 2026 au 14 septembre 2026
Du 15 septembre 2026 au 30 décembre 2026

Château musée, 5 rue du château, Bélesta

Lundi 14:00 - 19:00
Mardi Fermé
Mercredi 14:00 - 19:00
Jeudi 14:00 - 19:00
Vendredi 14:00 - 19:00
Samedi Fermé
Dimanche 14:00 - 19:00","The official Pyrénées-Orientales tourism agenda expressly dates the exhibition from 18 April to 30 December 2026 and separately lists the 15 September–30 December 2026 target-window schedule; page shows no publication or last-update date; accessed 2026-08-19. The Musée de Bélesta’s official exhibition page independently identifies the exhibition, museum and 2026 poster.","confirmat — liveness checked 2026-08-19: the official departmental tourism, Agly Tourism and museum pages each display the planned 2026 exhibition; targeted searches for annulée, reportée and fermeture found no cancellation, postponement, closure or move notice.",A,2026-04-18-belesta-troubadours-roussillonnais,"{""data_publicacio_font"": ""official departmental tourism page and official museum exhibition page show no publication or last-update date"", ""hora_inici_hora_fi"": ""14:00–19:00 are the official target-window hours. The departmental listing also specifies target-window closure on Tuesday and Saturday; its alternate Agly listing has a contradictory Saturday open/closed text, so no unsupported weekday assertion is added outside the literal evidence."", ""nom_altra_llengua"": ""no sourced published Catalan translation"", ""url_reserva"": ""official departmental tourism page supplies a contact form and telephone but no booking or reservation URL""}"
2026-05-09-cal-mateu-40-ans-collections-sainte-leocadie,"EXPOSITION 40 ANS DE COLLECTIONS ""DE LA POUSSIÈRE À LA LUMIÈRE""- MUSÉE DE CERDAGNE",fr,null,2026-05-09,samedi,2026-10-31,null,null,Musée de Cerdagne - Ferme Cal Mateu,"1 Avenue Cal Mateu, 66800 Sainte-Léocadie",Sainte-Léocadie,Alta Cerdanya,Cerdanya,exhibition,null,"Exposition temporaire  
De la poussière à la lumière : 40 ans de trésors cerdans  
(9 mai 2026 - 31 octobre 2026)  
Bienvenue à l'exposition anniversaire de la ferme Cal Mateu !  
Depuis 40 ans, le Musée de Cerdagne œuvre dans l’ombre pour recueillir, protéger et étudier les fragments de notre histoire commune. Aujourd'hui, nous sortons de nos réserves des objets exceptionnels pour vous raconter une aventure unique : celle de la transformation du quotidien en patrimoine. Comment un objet du quotidien devient-il un trésor public ? Ce parcours immersif sous forme de scénettes invite les visiteurs à suivre le cycle de vie des objets, de leur acquisition à leur mise en valeur dans les vitrines.",fr,https://api.cloudly.space/resize/crop/1200/627/60/aHR0cHM6Ly9jZHQ2Ni5tZWRpYS50b3VyaW5zb2Z0LmV1L3VwbG9hZC9FWFBPLU1EQy5qcGc=/image.jpg,Musée de Cerdagne - Ferme Cal Mateu,Tarif plein 7 €; tarif réduit 5 € (jeunes 11/18 ans); tarif enfant 4 € (jeunes 7/10 ans),null,https://www.pyrenees-cerdagne.com/planifier/activites/agenda/exposition-40-ans-de-collections-de-la-poussiere-a-la-lumiere-musee-de-cerdagne-6418838,null — official page shows no publication or last-update date,2026-08-19,"Exposition temporaire  
De la poussière à la lumière : 40 ans de trésors cerdans  
(9 mai 2026 - 31 octobre 2026)  
Bienvenue à l'exposition anniversaire de la ferme Cal Mateu !","The official Pyrénées-Cerdagne event detail page explicitly states `(9 mai 2026 - 31 octobre 2026)` and lists the 2026 tariffs/address. The public organiser-issued `Dépliant Musée De Cerdagne 2026`, published by Musée de Cerdagne on 2026-02-21 at https://www.calameo.com/read/007004164e493bf285c3c, states on page 7: `Cal Mateu : 40 ans de collections` and `09 mai - 31 octobre 2026`. Both sources were accessed 2026-08-19.","confirmat — liveness checked 2026-08-19: the current official detail page displays `A lieu Aujourd'hui` and its 9 May–31 October 2026 range; targeted annulée/fermeture/reportée searches yielded no event-level cancellation, postponement, relocation or early-closure notice. A June heat-closure notice was identified as historical and ended 27 June 2026, before the target window. The organiser programme separately records annual museum closure 2 November–3 December 2026, after the stated exhibition end.",A,2026-05-09-sainte-leocadie-exposition-40-ans,"{""data_publicacio_font"": ""official detail page displays no publication or last-update date; the independently organiser-published programme date is retained in confirmacio_2026"", ""hora_fi"": ""official event page and museum 2026 programme publish date range and public hours but no event end time for the final day"", ""hora_inici"": ""official event page and museum 2026 programme publish date range and public hours but no exhibition opening time for the first day"", ""llengua_esdeveniment"": ""source materials are French but do not explicitly state the exhibition-language field"", ""nom_altra_llengua"": ""no sourced published Catalan title version found"", ""url_reserva"": ""official detail page offers an email contact but no online booking or reservation URL""}"
2026-05-11-terre-mer-coeur-argeles,"LA TERRE ET LA MER, AVEC LE COEUR",fr,null,2026-05-11,lundi,2027-01-03,null,null,Place Gambetta,"Place Gambetta, 66700 Argelès-sur-Mer",Argelès-sur-Mer / Argelers,Rosselló,Rosselló,exhibition,null,"Cette exposition photographique met en lumière les agriculteurs, éleveurs, pêcheurs, viticulteurs et artisans argelésiens. Des portraits captivants, réalisés par le photo-journaliste Stéphane Ferrer Yulianti, qui nous plongent dans le quotidien de ces femmes et hommes, qui font vivre notre terroir et consacrent tant d’énergie et de passion à donner du contenu à nos assiettes. Chaque portrait apporte un regard sur ces professions exigeantes marquées par le rythme des saisons, le changement climatique, la relation étroite avec la Biodiversité. Ces clichés révèlent la diversité des visages, des gestes et des savoir-faire de ces acteurs, souvent méconnus mais dont le rôle est essentiel.",fr,null,null,gratuit,null,https://www.ville-argelessurmer.fr/s-informer/agenda-complet/la-terre-et-la-mer-avec-le-coeur,2026-05-11 — current municipality search result publication metadata,2026-08-19,"Du 11/05/2026 au 03/01/2027

Place Gambetta
66700, ARGELES-SUR-MER

Gratuit pour tous","The current official Mairie d’Argelès-sur-Mer event detail explicitly publishes 11 May 2026–3 January 2027, Place Gambetta and free admission. It therefore overlaps the full 1 September–30 November target window; the actual source-published start/end range is retained rather than truncating it to the research window. The municipal search result supplies publication metadata 2026-05-11. Source accessed 2026-08-19.","confirmat — liveness checked 2026-08-19: current municipal detail remains live; French/Catalan cancellation, postponement, closure and date-change queries returned no exhibition-specific status exception.",A,2026-05-11-argeles-terre-mer-coeur,"{""hora_fi"": ""municipal source publishes no opening hours"", ""hora_inici"": ""municipal source publishes no opening hours"", ""llengua_esdeveniment"": ""source does not state event language(s)"", ""nom_altra_llengua"": ""no sourced published Catalan event-title version recovered"", ""organitzador"": ""municipal page names photographer but no organiser"", ""url_cartell"": ""municipal page exposes no direct dated poster URL"", ""url_reserva"": ""source provides no booking URL"", ""window_overlap"": ""event begins before and ends after target window; original published full range is retained""}"
2026-05-20-prades-festival-nature,FESTIVAL NATURE,fr,null,2026-05-20,mercredi,2026-10-09,null,null,9 Rue de Mahou,"9 Rue de Mahou, 66500 Prades",Prades / Prada,Conflent,Conflent,nature festival,null,"Festival Nature des réserves naturelles catalanes, le rendez-vous BIODIVERSITE des Pyrénées-Orientales. De la mer à la montagne, tous les ans, de mai à octobre, la nature est à l’honneur dans les Pyrénées-Orientales avec le Festival Nature des réserves naturelles catalanes.",fr,null,Réserves naturelles catalanes,gratuit,null,https://www.tourisme-pyreneesorientales.com/agenda/festival-nature-prades-fr-6598126/,null — official Departmental Tourism event page shows no publication/update date,2026-08-19,"Du 20 mai 2026 au 9 octobre 2026

Entrée gratuite

Festival Nature des réserves naturelles catalanes, le rendez-vous BIODIVERSITE des Pyrénées-Orientales.","Current official Departmental Tourism event detail explicitly publishes 20 May–9 October 2026, 9 Rue de Mahou, Prades, free entry, Réserves naturelles catalanes contact and direct 2026 programme PDF. One festival row retains full published range; individual programme sessions are not separately added unless Prades-specific and independently verified. Source accessed 2026-08-19.","confirmat — liveness checked 2026-08-19: current official Tourism page remains live; French/Catalan cancellation, postponement, closure and time-change queries returned no festival-level cancellation or early end notice.",A,2026-05-20-prades-festival-nature,"{""data_publicacio_font"": ""official page shows no publication/update date"", ""hora_fi"": ""festival page publishes range but no festival-wide end time"", ""hora_inici"": ""festival page publishes range but no festival-wide start time"", ""llengua_esdeveniment"": ""source does not state festival-wide language(s)"", ""nom_altra_llengua"": ""official Catalan route exists but distinct Catalan title was not verified before extraction"", ""programme_scope"": ""source programme covers multiple localities; no individual sessions added without Prades-specific confirmation"", ""url_cartell"": ""page displays credited cover visual but exposes no direct poster asset URL"", ""url_reserva"": ""source links organiser site/programme but no festival-wide booking URL"", ""window_overlap"": ""source range begins before target window; full source-published range retained""}"
2026-05-23-les-insectes-perpignan,"LES INSECTES, UN PEUPLE PAS SI MINUSCULE",fr,null,2026-05-23,samedi,2027-03-21,11:00,17:30,MUSEUM D’HISTOIRE NATURELLE,null,Perpinyà / Perpignan,Rosselló,Rosselló,exhibition,null,"Omniprésents et pourtant méconnus, ils façonnent les écosystèmes, pollinisent, recyclent et maintiennent l’équilibre du vivant.  
  
Entre beauté, étrangeté et fragilité, cette exposition vous invite à changer de regard sur le peuple invisible qui soutient la vie sur Terre.",fr,https://www.mairie-perpignan.fr/sites/default/files/styles/originale/public/images/les-insectes--un-peuple-pas-si-minuscule.jpg?itok=1coXGuem,null,gratuit,null,https://www.mairie-perpignan.fr/fetes-et-manifestations/les-insectes-un-peuple-pas-si-minuscule,null,2026-08-19,"23 mai 2026 au 21 mars 2027
  
🕖 Tous les jours du 23 au 31 mai 2026 de 11h à 17h30
Tous les jours du 1 juin au 30 septembre 2026 de 10h30 à 18h30
Tous les jours du 1 octobre 2026 au 21 mars 2027 de 11h à 17h30

MUSEUM D’HISTOIRE NATURELLE
66000 PERPIGNAN","Official Ville de Perpignan agenda entry expressly dates LES INSECTES, UN PEUPLE PAS SI MINUSCULE from 23 May 2026 to 21 March 2027; page shows no publication or last-update date; accessed 2026-08-19.","confirmat — liveness checked 2026-08-19: the official municipal page displays the 2026–27 exhibition and no annulé, reporté, complet or déplacé notice.",A,2026-05-23-perpignan-les-insectes-un,"{""adreca"": ""official municipal page gives venue name and 66000 Perpignan but no street-level address"", ""data_publicacio_font"": ""official municipal page shows no publication or last-update date"", ""hora_inici_hora_fi"": ""The recorded 11:00–17:30 are the official target-window hours from 1 October 2026 to 21 March 2027; the source publishes different hours before 1 October."", ""llengua_esdeveniment"": ""official municipal page does not state the exhibition language"", ""nom_altra_llengua"": ""no sourced published Catalan translation"", ""organitzador"": ""official municipal page does not identify a named organiser"", ""url_reserva"": ""official municipal page publishes no booking or specific information URL""}"
2026-05-23-mythes-et-legendes-perpignan,MYTHES ET LÉGENDES,fr,null,2026-05-23,samedi,2026-12-31,13:30,18:00,MUSÉE DES MONNAIES ET MÉDAILLES JOSEPH PUIG,null,Perpinyà / Perpignan,Rosselló,Rosselló,exhibition,null,Un panorama des représentations des mythes et légendes dans les monnaies : d’Hercule au dragon de saint Georges …,fr,https://www.mairie-perpignan.fr/sites/default/files/styles/originale/public/images/musee-puig-3.jpg?itok=hUbp1msg,null,gratuit,https://www.mairie-perpignan.fr/culture-patrimoine/culture/musees/musee-des-monnaies-et-medailles-joseph-puig,https://www.mairie-perpignan.fr/fetes-et-manifestations/mythes-et-legendes,null,2026-08-19,"23 mai au 31 décembre 2026

🕖 13h30 à 18h

Mardi, Mercredi, Jeudi, Vendredi, Samedi

MUSÉE DES MONNAIES ET MÉDAILLES JOSEPH PUIG
66000 PERPIGNAN",Official Ville de Perpignan agenda entry expressly dates MYTHES ET LÉGENDES from 23 May to 31 December 2026; page shows no publication or last-update date; accessed 2026-08-19.,"confirmat — liveness checked 2026-08-19: the official municipal page displays the 2026 exhibition and no annulé, reporté, complet or déplacé notice.",A,2026-05-23-perpignan-mythes-et-legendes,"{""adreca"": ""official municipal page gives venue name and 66000 Perpignan but no street-level address"", ""data_publicacio_font"": ""official municipal page shows no publication or last-update date"", ""llengua_esdeveniment"": ""official municipal page does not state the exhibition language"", ""nom_altra_llengua"": ""no sourced published Catalan translation"", ""organitzador"": ""official municipal page does not identify a named organiser""}"
2026-06-01-couleurs-catalanes-paulilles-portvendres,EXPOSITION « COULEURS CATALANES » – SITE DE PAULILLES,fr,null,2026-06-01,lundi,2026-09-30,09:00,17:00,Site de Paulilles,"D914, 66660 Port-Vendres",Port-Vendres / Portvendres,Rosselló,Rosselló,exhibition,null,"Réalisée par les membres du Photo Club de Banyuls, cette exposition met à l’honneur la richesse des couleurs du territoire catalan. Les photographes ont parcouru le département pour capturer, à travers leurs objectifs, les couleurs emblématiques du pays catalan : Paysages, patrimoines, ambiances et détails du quotidien. Une invitation au voyage et à la découverte d’une identité forte et lumineuse.",fr,null,Photo Club de Banyuls,gratuit,null,https://www.tourisme-pyrenees-mediterranee.com/agenda/exposition-couleurs-catalanes-site-de-paulilles/,null — official tourism page shows no publication/update date,2026-08-19,"Du 1er juin au 30 septembre 2026, venez découvrir la beauté du site de Paulilles à travers d’une exposition immersive. Entrée libre.

SITE DE PAULILLES — D914 — 66660 PORT-VENDRES

Ouvert de 09h à 12h et de 14h à 17h","The current official Pyrénées Méditerranée Tourism detail explicitly publishes 1 June–30 September 2026, daily opening 09:00–12:00 and 14:00–17:00, Site de Paulilles D914 address, free entry and Photo Club de Banyuls attribution. It overlaps 1–30 September target window; original full source date range is retained rather than truncated. Source accessed 2026-08-19.","confirmat — liveness checked 2026-08-19: current official tourism and national-destination agenda pages remain live; French/Catalan cancellation, postponement, closure and time-change queries returned no exhibition-specific status exception.",A,2026-06-01-portvendres-couleurs-catalanes-paulilles,"{""daily_hours"": ""source publishes a split 09:00–12:00 / 14:00–17:00 daily schedule; structured fields retain the overall earliest/latest times"", ""data_publicacio_font"": ""official tourism page shows no publication/update date"", ""llengua_esdeveniment"": ""source describes Catalan territorial imagery but does not state activity language(s)"", ""nom_altra_llengua"": ""no separately published Catalan exhibition-title variant recovered"", ""url_cartell"": ""official page exposes photo gallery images but no direct dated poster URL"", ""url_reserva"": ""free exhibition page provides no booking route"", ""window_overlap"": ""event begins before target window and ends on target-window end; original source range is retained""}"
2026-06-08-elisabeth-eidenbenz-devoir-memoire-elne,Elisabeth Eidenbenz : un devoir de mémoire,fr,null,2026-06-08,lundi,2026-09-30,09:30,19:00,Cloître d'Elne,null,Elne,Rosselló,Rosselló,exhibition,null,"La Maternité Suisse d’Elne est actuellement fermée au public pour travaux de mise en sécurité du bâtiment et de ses alentours pour une durée d’environ 1 an et demi, à partir de janvier 2026.

Afin de maintenir l'intérêt du public pendant les travaux, une exposition retraçant l’histoire de ce lieu de mémoire est installée au Cloître d’Elne.",fr,https://ville-elne.fr/wp-content/uploads/2026/05/IMG_3207-scaled.jpg,Mairie d'Elne,null,null,https://ville-elne.fr/agenda/elisabeth-eidenbenz-un-devoir-de-memoire/,2026-05-19,2026-08-19,"8 juin 2026

30 septembre 2026

9h30 à 19h (dernière entrée : 18h)

Cloitre

Organisateur : Mairie d'Elne","The organiser municipality’s page gives the complete 8 June–30 September 2026 range, Cloître, daily 9:30–19:00 hours and Mairie d'Elne organiser. Elne’s public WordPress API returns `date: 2026-05-19T13:15:40` and `modified: 2026-06-18T08:57:07` for the exact municipal event slug. A current official Pyrénées Méditerranée tourism page at https://www.tourisme-pyrenees-mediterranee.com/agenda/exposition-elisabeth-eidenbenz-un-devoir-de-memoire/ instead lists a 12 June–30 September 2026 range and Musée Terrus, creating a source conflict with the organiser’s 8 June/Cloître entry. The municipality’s first-party detail is retained as the operative source, but the conflict is disclosed and needs a later municipal clarification. Sources accessed 2026-08-19.","confirmat amb conflicte de font — liveness checked 2026-08-19: both current official pages remain live, and targeted annulée/reportée/fermeture searches returned no exhibition cancellation, postponement, relocation or early closure. However, the municipal 8 June/Cloître data conflicts with the tourism 12 June/Musée Terrus data; recheck is mandatory before final delivery. The Maternité Suisse closure is an intentional reason for the replacement exhibition, not a cancellation.",B,2026-06-08-elne-elisabeth-eidenbenz-devoir,"{""adreca"": ""official municipal event page gives the Cloître venue but no street address"", ""asset_type"": ""official municipal page displays this direct 2026 event-associated image, but does not label it explicitly as a poster"", ""cross_source_conflict"": ""The official municipality lists 8 June–30 September at Cloître d’Elne, while official tourism lists 12 June–30 September at Musée Terrus. First-party municipal data is retained provisionally; final recheck required."", ""llengua_esdeveniment"": ""French source does not explicitly declare an exhibition-language field"", ""nom_altra_llengua"": ""no sourced published Catalan title version found"", ""preu"": ""official municipal page publishes no price or free-entry statement"", ""url_reserva"": ""official page provides a telephone contact but no online booking URL""}"
2026-06-20-maria-lluis-musee-terrus-elne,Exposition d’art contemporain : Maria Lluis,fr,null,2026-06-20,samedi,2026-11-01,09:30,19:00,Musée Terrus,"Rue Porte Balaguer, 66200 Elne",Elne,Rosselló,Rosselló,exhibition,null,"Née à Perpignan en 1931, Maria Lluis propose de découvrir ses peintures, encres et fusains au Musée Terrus. D’aucuns la décrivent comme « un des peintres les plus discrets et pourtant les plus solides inscrits dans l'histoire de l'art des Pyrénées-Orientales depuis un demi-siècle (…) une icône de la peinture catalane aux belles couleurs de la Méditerranée. ».",fr,https://ville-elne.fr/wp-content/uploads/2026/05/Maria-LLUIS-Perpignan-2017.jpg,Mairie d'Elne,Plein tarif 5 €; tarif réduit selon critères; gratuit pour les Illibériens et les enfants de moins de 10 ans,mailto:reservation@ville-elne.com,https://ville-elne.fr/agenda/exposition-dart-contemporain-maria-lluis/,2026-05-19,2026-08-19,"DU SAMEDI 20 JUIN AU 1er NOVEMBRE

Horaires d’ouverture : Tous les jours de 9h30 – 19h00 (dernière entrée à 18h00)","The official municipal event page gives 20 June–1 November 2026, venue, public hours, tariff and reservation email. Elne’s public WordPress API returns `date: 2026-05-19T16:03:09` and `modified: 2026-06-18T08:59:19` for this slug. The 2026 local press article `Maria Lluis, la force du trait au Musée Terrus à Elne`, published by Press Cat on 2026-06-21 at https://presscat.org/maria-lluis-la-force-du-trait-au-musee-terrus-a-elne/, independently confirms the 20 June–1 November 2026 range, 5 € tariff, 9:30–19:00 hours and `Rue Porte Balaguer, 66200 Elne`. Sources accessed 2026-08-19.","confirmat — liveness checked 2026-08-19: the official municipal and tourism listings remain active and targeted annulée/fermeture searches returned no cancellation, postponement, relocation or early-closure notice.",A,2026-06-20-elne-maria-lluis-musee,"{""asset_type"": ""official municipal page displays the direct Maria Lluis image, but the filename says `Maria-LLUIS-Perpignan-2017.jpg`; it is recorded as an event-associated image, not asserted to be a dated poster"", ""llengua_esdeveniment"": ""French sources do not explicitly declare an exhibition-language field"", ""nom_altra_llengua"": ""no sourced published Catalan title version found""}"
2026-06-27-picabia-mediterranee-ceret,"PICABIA, MÉDITERRANÉE. Picasso, Delaunay, Laurencin…",fr,"Exposició 'Picabia, Méditerranée' al Museu d'Art Modern de Céret",2026-06-27,samedi,2026-11-29,null,null,Musée d'Art moderne de Céret,"8, Bd Maréchal Joffre, 66400 Céret",Ceret / Céret,Vallespir,Vallespir,exhibition,null,"Figure centrale des cercles artistiques internationaux, Francis Picabia (1879-1953) joue un rôle clé dans l’histoire des avant-gardes du début du XXe siècle. Dans les années 1910 et 1920, nourri de ses voyages entre New York et Barcelone, l’artiste élabore un langage artistique aussi audacieux qu’irrévérencieux. L’exposition au musée d’art moderne de Céret retracera le parcours de l’artiste sous un angle inédit, en explorant notamment le rôle joué par la culture ibérique sur son œuvre et celle de ses contemporains. L’exposition réunira près d’une centaine d’œuvres de Picabia et de son cercle artistique new-yorkais et catalan, de Marcel et Suzanne Duchamp à Albert Gleizes et Juliette Roche, de Robert et Sonia Delaunay à Kees van Dongen, Marie Laurencin, Natalia Gontcharova ou encore à Pablo Picasso. L’exposition bénéficiera du soutien de prestigieuses institutions en France et en Espagne, à travers des prêts exceptionnels du musée de l’Orangerie, du Centre Pompidou, du Palais Princier de Monaco, du Centro de Arte – Museo Reina Sofía, du Museo Nacional Thyssen-Bornemisza, ou encore des musées Picasso de Paris et de Barcelone.

« Cette exposition est reconnue d’intérêt national par l’État (ministère de la Culture) qui lui apporte à ce titre un soutien financier exceptionnel. »",fr,null,Musée d'Art moderne de Céret (EPCC),Visite libre du musée: plein tarif 10 €; tarif réduit 7 €; tarif réduit préférentiel 6 €; gratuit jusqu’à 18 ans sous les conditions publiées.,null,https://www.musee-ceret.com/expositions/exposition-en-cours/,null,2026-08-19,"PICABIA, MÉDITERRANÉE. Picasso, Delaunay, Laurencin…

27 juin – 29 novembre 2026

Musée d'art moderne
8, Bd Maréchal Joffre
66400 Céret","Official museum current-exhibition page explicitly dates the exhibition 27 June–29 November 2026; page shows no publication or update date; accessed 2026-08-19.

Catalan-title field correction, 2026-08-19: Bonart’s current Catalan page https://www.bonart.cat/ca/agenda/acte/99/exposicio-picabia-mediterranee-al-museu-dart-modern-de-ceret publishes the Catalan title `Exposició 'Picabia, Méditerranée' al Museu d'Art Modern de Céret`. It reports an inconsistent non-primary 1 September 2026–31 March 2027 range. The record’s 27 June–29 November 2026 date range remains based on the official Musée d’Art moderne de Céret source; no date is changed by this title correction.","confirmat — liveness checked 2026-08-19: the official current-exhibition page lists the exhibition and displays no annulé, reporté, complet or déplacé notice. The event overlaps the research window from 2026-09-01 through 2026-11-29 and requires later re-check. Catalan-title source conflict logged 2026-08-19; official museum dates retained pending clarification.",A,2026-06-27-ceret-picabia-mediterranee,"{""data_publicacio_font"": ""official current-exhibition page shows no publication or last-update date"", ""hora_fi"": ""official current-exhibition source does not publish daily closing hours for this exhibition"", ""hora_inici"": ""official current-exhibition source does not publish daily opening hours for this exhibition"", ""llengua_esdeveniment"": ""source does not state the language in which the exhibition is presented"", ""url_cartell"": ""no direct dated exhibition-poster URL found on the official current-exhibition or tariff pages"", ""url_reserva"": ""official tariff page explicitly states that online booking is not currently offered""}"
2026-07-31-nourrir-la-planete-sainte-leocadie,"EXPOSITION ""NOURRIR LA PLANETE- MUSEE DE CERDAGNE-VISA POUR L'IMAGE",fr,null,2026-07-31,vendredi,2027-02-14,null,null,Musée de Cerdagne - Ferme Cal Mateu,"Ferme Cal Mateu, 66800 Sainte-Léocadie",Sainte-Léocadie,Alta Cerdanya,Cerdanya,exhibition,null,"Pour la première fois, le Centre International du Photojournalisme - Visa pour l'Image-Perpignan quitte Perpignan et s'installe dans le département, au Musée de Cerdagne à Sainte-Léocadie, le 31 juillet 2026.
Le Musée de Cerdagne – Musée de France – accueille, du 31 juillet 2026 au 14 février 2027, l'exposition « Nourrir la planète » du photojournaliste de renommée internationale George Steinmetz, proposée par Le Centre International du Photojournalisme - Visa pour l'Image-Perpignan dans le cadre du festival de Visa pour l’Image.",fr,https://cdt66.media.tourinsoft.eu/upload/affiche-Visa-pour-l-Image-1-pour-communication.jpg,Musée de Cerdagne - Ferme Cal Mateu; Centre International du Photojournalisme - Visa pour l'Image-Perpignan,"Tarif plein 7,00 €; tarif réduit 6,50 €; gratuit pour les groupes scolaires et étudiants sur réservation",null,https://www.tourisme-pyreneesorientales.com/agenda/exposition-nourrir-la-planete-musee-de-cerdagne-visa-pour-limage-sainte-leocadie-fr-6707779/,2026-08-05,2026-08-19,"Le Musée de Cerdagne – Musée de France – accueille, du 31 juillet 2026 au 14 février 2027, l'exposition « Nourrir la planète » du photojournaliste de renommée internationale George Steinmetz, proposée par Le Centre International du Photojournalisme - Visa pour l'Image-Perpignan dans le cadre du festival de Visa pour l’Image.","The official departmental event page’s schema metadata says `datePublished: 2026-08-05 06:59:58`, `eventStatus: EventScheduled`, `startDate: 2026-07-31` and `endDate: 2027-02-14`. Its visible description gives the same full date range. The Musée de Cerdagne’s organiser Facebook announcement of 2026-07-31 at 11:51 confirms: `Du 31 juillet au 14 février 2027, le Musée de Cerdagne accueille l'exposition « Nourrir la planète » du photographe George Steinmetz`. Both were accessed 2026-08-19.","confirmat — liveness checked 2026-08-19: the official event page embeds schema.org `eventStatus: EventScheduled`, current 2026–2027 dates and the direct event poster; the museum’s 31 July 2026 organiser announcement supplies the same schedule and current practical information. Targeted annulée/fermeture/reportée searches found no cancellation, postponement, relocation or early-closure notice.",A,2026-07-31-sainte-leocadie-nourrir-planete,"{""address_precision"": ""official event page gives Ferme Cal Mateu and town but no street number; its coordinates are not substituted for an unsourced street address"", ""hora_fi"": ""official sources publish seasonal daily opening hours but no event end HH:MM on 14 February"", ""hora_inici"": ""official sources publish seasonal daily opening hours but no exhibition opening ceremony or start HH:MM on 31 July"", ""llengua_esdeveniment"": ""all retrieved sources are in French and do not explicitly declare the exhibition-language field"", ""nom_altra_llengua"": ""no sourced published Catalan title version found"", ""url_reserva"": ""official page provides contact routes and says school/student groups are free on reservation, but exposes no online booking URL""}"
2026-08-01-michele-reby-cloitre-elne,Exposition de Michèle REBY,fr,null,2026-08-01,samedi,2026-09-30,09:30,19:00,Cloître d'Elne,null,Elne,Rosselló,Rosselló,exhibition,null,"Michèle REBY, artiste plasticienne, viendra exposer ses œuvres du samedi 1er août au mercredi 30 septembre au Cloître d’Elne.",fr,https://ville-elne.fr/wp-content/uploads/2026/07/Affiche-Exposition-Musee-Moderne-Professionnelle-Sobre-scaled.png,Mairie d'Elne,null,null,https://ville-elne.fr/agenda/exposition-de-michele-reby/,2026-07-31,2026-08-19,"Michèle REBY, artiste plasticienne, viendra exposer ses œuvres du samedi 1er août au mercredi 30 septembre au Cloître d’Elne.

Infos pratiques

1 août 2026

30 septembre 2026

9h30 à 19h

Cloître d'Elne

Organisateur : Mairie d'Elne","The official municipal page supplies the complete 1 August–30 September 2026 range, time, venue and organiser. Elne’s public WordPress API returns `date: 2026-07-31T17:07:26` and the same modification time for the exact slug. The official departmental tourism listing mirrors the range. Sources accessed 2026-08-19.","confirmat — liveness checked 2026-08-19: municipal and departmental listings remain active and targeted annulée/reportée searches returned no cancellation, postponement, relocation or early-closure notice.",A,2026-08-01-elne-michele-reby-cloitre,"{""adreca"": ""official municipal event page gives the Cloître venue but no street address"", ""llengua_esdeveniment"": ""French source does not explicitly declare an exhibition-language field"", ""nom_altra_llengua"": ""no sourced published Catalan title version found"", ""preu"": ""official municipal event page publishes no price or free-entry statement"", ""url_reserva"": ""official page exposes no booking URL""}"
2026-08-02-exposition-artistes-arlesiens-arles-sur-tech,Exposition Collective Artistes Arlésiens,fr,null,2026-08-02,dimanche,2026-09-30,null,null,Le Palau,null,Arles-sur-Tech,Vallespir,Vallespir,exhibition,null,Exposition collective : Anaïs Guerrero; Christian D’Agostino; María Periánez; Jacques Maurin; Jean-Luc Aspart; Mors; Xylo.,fr,https://files.appli-intramuros.com/img/events/6388/ff08de1a950a50cf828e36b724a0018b_exposition.jpg,Abbaye Sainte-Marie,null,null,https://www.intramuros.org/arles-sur-tech/agenda/843434,null — municipality-linked event detail identifies the mairie publisher but exposes no publication/update date,2026-08-19,"Du dim. 2 août au mer. 30 sept.

ORGANISÉ PAR
Abbaye Sainte-Marie

Exposition collective :
* Anaïs Guerrero
* Christian D’Agostino
* María Periánez
* Jacques Maurin
* Jean-Luc Aspart
* Mors
* Xylo","The municipality-linked IntraMuros event detail at https://www.intramuros.org/arles-sur-tech/agenda/843434 explicitly gives 2 August–30 September, Le Palau and Abbaye Sainte-Marie as organiser; it is marked `Publié par mairie d'ARLES-SUR-TECH`. A local L’Indépendant report published 2026-08-15 confirms the exhibition runs to Wednesday 30 September. Sources accessed 2026-08-19.","confirmat — liveness checked 2026-08-19: current municipal-linked agenda and current local-press result agree on the 30 September end; targeted annulée searches found no cancellation, postponement, relocation or early closure.",A,2026-08-02-arles-tech-exposition-artistes,"{""adreca"": ""event source identifies Le Palau only; no street address is published"", ""data_publicacio_font"": ""municipality-linked event page identifies a mairie publisher but exposes no publication/update date"", ""hora_fi"": ""municipality-linked detail publishes date range only"", ""hora_inici"": ""municipality-linked detail publishes date range only"", ""llengua_esdeveniment"": ""source does not explicitly declare the exhibition-language field"", ""nom_altra_llengua"": ""no sourced published Catalan title version found"", ""preu"": ""event source publishes no tariff or free-entry statement"", ""url_reserva"": ""event source exposes no booking URL""}"
2026-08-18-convivence-des-sacres-prades,Convivence des sacrés,fr,null,2026-08-18,mardi,2026-10-31,08:00,18:00,Hôtel de Ville de Prades,"56 Rue du Palais de Justice, 66500 Prades",Prada de Conflent / Prades,Conflent,Conflent,exhibition,null,"✨ Entre sacrés et scènes de rue ...

📸 Du 18 août au 31 octobre 2026, l’Hôtel de Ville de Prades accueille l’exposition ""Convivence des sacrés"", proposée par le photographe Martial Lambert.

⛪ À travers ses photographies, l’artiste nous invite à porter un regard nouveau sur les paysages des Pyrénées-Orientales, leur patrimoine religieux et les nombreux édifices qui jalonnent notre territoire 🌳

Églises, chapelles et monastères deviennent les témoins d’une histoire, d’une culture et d’une identité locales riches.

🏙️ L’exposition présente également une série intitulée ""UrbanMen"", consacrée à la photographie de rue. Instants saisis sur le vif, scènes du quotidien, hasard des rencontres et silhouettes urbaines s’y mêlent dans une approche en noir et blanc 🖤 🤍 à la fois poétique et spontanée.",fr,null,Mairie de Prades / Service Patrimoine Culturel Mairie de Prades,null,null,https://www.facebook.com/mairiedeprades/posts/-entre-sacr%C3%A9s-et-sc%C3%A8nes-de-rue-du-18-ao%C3%BBt-au-31-octobre-2026-lh%C3%B4tel-de-ville-de-/1475117721316669/,null,2026-08-19,"Du 18 août au 31 octobre 2026, l’Hôtel de Ville de Prades accueille l’exposition ""Convivence des sacrés"", proposée par le photographe Martial Lambert.

📍 Hôtel de Ville de Prades

📅 Du 18 août au 31 octobre 2026

🕔 Du lundi au jeudi : 8h/12h -14h/18h

Vendredi : 8h/12h - 14h/17h","Direct official Mairie de Prades post, co-presented with its Service Patrimoine Culturel; it explicitly states the 18 August–31 October 2026 run. The direct source renders its posting time only relatively, with no absolute publication date; accessed 2026-08-19.","confirmat — liveness checked 2026-08-19: current official municipal post shows no annulé, reporté, complet or déplacé notice. The event overlaps the research window from 2026-09-01 through 2026-10-31 and requires a later re-check because it is multi-week.",A,2026-08-18-prades-convivence-des-sacres,"{""data_publicacio_font"": ""direct official social source shows only a relative posting time, not an absolute publication or update date"", ""hora_inici_hora_fi"": ""opening hours vary by weekday; 08:00 and 18:00 are the widest published Monday–Thursday bounds. Friday hours are 08:00–12:00 and 14:00–17:00."", ""llengua_esdeveniment"": ""source does not state the language in which the exhibition is presented"", ""nom_altra_llengua"": ""no sourced published Catalan translation"", ""preu"": ""official source publishes no price or gratuity statement"", ""url_cartell"": ""source exposes Facebook photo-page references but no direct dated event-poster URL; uninspected social-image references are not used as a poster asset"", ""url_reserva"": ""official source publishes no booking URL""}"
2026-08-18-prades-connivence-sacres,CONNIVENCE DES SACRÉS,fr,null,2026-08-18,mardi,2026-09-30,null,null,Hôtel de Ville,"56 rue du Palais de Justice, 66500 Prades",Prades / Prada,Conflent,Conflent,exhibition,null,"Les photographies de Martial LAMBERT ont pour point commun le mont Canigou, avec en 1er plan un monument du patrimoine religieux du département.",fr,null,null,null,null,https://www.tourisme-canigo.com/agenda/connivence-des-sacres-fmalar066v52xo78/,null — official Conflent Canigó event page shows no publication/update date,2026-08-19,"Du 18/08/26 au 30/09/26

CONNIVENCE DES SACRÉS
Hôtel de ville
56 rue du Palais de justice
66500 PRADES","Current official Conflent Canigó event page explicitly publishes 18 August–30 September 2026, Hôtel de Ville address and the listed weekday hours. It overlaps 1–30 September; the actual source-published range is retained rather than truncated. The current municipality Facebook result independently describes the same 18 August–31 October exhibition but conflicts with the official tourism end date; the official Tourism end date is used and conflict retained in notes. Source accessed 2026-08-19.","confirmat — liveness checked 2026-08-19: current official Tourism page remains live; French/Catalan cancellation, postponement, closure and time-change queries returned no exhibition-specific status exception.",A,2026-08-18-prades-connivence-sacres,"{""data_publicacio_font"": ""official page shows no publication/update date"", ""hora_fi"": ""source publishes weekday opening hours but no single event-end time"", ""hora_inici"": ""source publishes weekday opening hours but no single event-start time"", ""llengua_esdeveniment"": ""source does not state event language(s)"", ""nom_altra_llengua"": ""no separately verified published Catalan title recovered"", ""organitzador"": ""source identifies photographer Martial Lambert but no organiser"", ""preu"": ""source does not publish admission price"", ""source_date_conflict"": ""municipality Facebook discovery snippet says 18 August–31 October while official Tourism source says 18 August–30 September; official Tourism date used"", ""url_cartell"": ""page displays a credited image but exposes no direct poster asset URL"", ""url_reserva"": ""source provides no booking URL"", ""window_overlap"": ""source range begins before target window; full source-published range retained""}"
2026-08-18-prades-del-camp-terra,DEL CAMP I DE LA TERRA (LES VIEUX MAS CATALANS),ca-fr,null,2026-08-18,mardi,2026-09-19,null,null,Espace Martin Vivès,"81 bis rue du Palais de Justice, 66500 Prades",Prades / Prada,Conflent,Conflent,exhibition,catalan and French,Exposition patrimoine vernaculaire par l’association Terra Nostra sur les mas catalans (dans le cadre de l’UCE avec conférences sous la houlette de Ramon GUAL en catalan et en français).,fr,null,Association Terra Nostra,null,null,https://www.tourisme-canigo.com/agenda/del-camp-i-de-la-terra-les-vieux-mas-catalans-fmalar066v52xo5v/,null — official Conflent Canigó event page shows no publication/update date,2026-08-19,"Du 18/08/26 au 19/09/26

Exposition patrimoine vernaculaire par l’association Terra Nostra sur les mas catalans (dans le cadre de l’UCE avec conférences sous la houlette de Ramon GUAL en catalan et en français)","Current official Conflent Canigó event page explicitly publishes 18 August–19 September 2026, Espace Martin Vivès address, Terra Nostra and Catalan/French conference language. It overlaps 1–19 September; the actual source-published range is retained rather than truncated. Source accessed 2026-08-19.","confirmat — liveness checked 2026-08-19: current official Tourism page remains live; French/Catalan cancellation, postponement, closure and time-change queries returned no exhibition-specific status exception.",A,2026-08-18-prades-del-camp-terra,"{""data_publicacio_font"": ""official page shows no publication/update date"", ""hora_fi"": ""source publishes weekday opening hours but no single event-end time"", ""hora_inici"": ""source publishes weekday opening hours but no single event-start time"", ""nom_altra_llengua"": ""mixed Catalan/French published title retained as original; no distinct alternate title verified"", ""preu"": ""source does not publish admission price"", ""url_cartell"": ""page exposes no direct poster asset URL"", ""url_reserva"": ""source provides no booking URL"", ""window_overlap"": ""source range begins before target window; full source-published range retained""}"
2026-08-20-bamboche-rombeau-rivesaltes,BAMBOCHE PAR ROMBEAU (chaque jeudi),fr,null,2026-08-20,jeudi,2026-09-24,19:00,22:30,Domaine de Rombeau,"2 Avenue de la Salanque, 66600 Rivesaltes",Rivesaltes / Ribesaltes,Rosselló,Rosselló,music,fr,"Cet été, le jeudi c’est Bamboche by Rombeau. De DJ Pagel à Arnaud Demoulin, en passant par le Duo Couleurs Café et bien d’autres, une saison de musique live et food trucks qui s’annonce bien chargée. Musique et foodtrucks tous les jeudis à partir de 19h.",fr,null,Domaine de Rombeau,gratuit,null,https://www.rivesaltes-tourisme.com/agenda/bamboche-par-rombeau/,null — official tourism page shows no publication/update date,2026-08-19,"Chaque Jeudi du 20 août 2026 au 24 septembre 2026 de 19:00 à 22:30

Musique et foodtrucks tous les jeudis à partir de 19h.

2 Avenue de la Salanque 66600 RIVESALTES

Entrée gratuite

Langues parlées — Français","The current official Rivesaltes Tourism detail explicitly confirms the every-Thursday 20 August–24 September 2026 19:00–22:30 series, free entry, Domaine de Rombeau address and French language. It lists the four target-window Thursday programmes on 3, 10, 17 and 24 September; one row models this explicitly continuous series without inventing dates. Source accessed 2026-08-19.","confirmat — liveness checked 2026-08-19: official tourism detail and bilingual source-discovery listings remain live; French/Catalan cancellation, postponement, closure and time-change queries returned no series-wide status exception.",A,2026-08-20-rivesaltes-bamboche-rombeau,"{""data_publicacio_font"": ""official tourism page shows no publication/update date"", ""nom_altra_llengua"": ""no sourced published Catalan event-title version recovered"", ""recurrence"": ""one row models the source-stated every-Thursday recurrence only through 24 September 2026"", ""url_cartell"": ""official page exposes no direct dated poster URL"", ""url_reserva"": ""source publishes venue contacts/site, not an event-specific booking URL"", ""window_overlap"": ""series begins before research window; original published range is retained because it includes four September occurrences""}"
2026-08-24-marche-hebdomadaire-rivesaltes,MARCHÉ HEBDOMADAIRE (chaque lundi),fr,null,2026-08-24,lundi,2026-12-31,08:00,12:00,Allées Joffre / Marché de Rivesaltes,"Avenue Ledru Rollin, 66600 Rivesaltes",Rivesaltes / Ribesaltes,Rosselló,Rosselló,market,fr,"Chaque lundi matin, le marché hebdomadaire de Rivesaltes prend place sur les Allées Joffre, en face de l’Office de Tourisme. C’est l’occasion pour les locaux et les visiteurs de passage de remplir leurs paniers grâce aux producteurs locaux, producteurs bio et artisans présents.",fr,null,null,gratuit,null,https://www.rivesaltes-tourisme.com/agenda/marche-hebdomadaire/,null — official tourism page shows no publication/update date,2026-08-19,"Chaque Lundi du 24 août 2026 au 31 décembre 2026 de 08:00 à 12:00

Chaque lundi matin, le marché hebdomadaire de Rivesaltes prend place sur les Allées Joffre, en face de l’Office de Tourisme.

Avenue Ledru Rollin 66600 RIVESALTES

Entrée gratuite

Langues parlées — Français","The current official Rivesaltes Tourism detail explicitly confirms every Monday 24 August–31 December 2026, 08:00–12:00, Avenue Ledru Rollin/Allées Joffre, free entry and French language. It overlaps the complete target window; the original source range is retained rather than creating weekly duplicate rows. Source accessed 2026-08-19.","confirmat — liveness checked 2026-08-19: official tourism detail and current municipal/agenda listings remain live; French/Catalan cancellation, postponement, closure and time-change queries returned no market-specific status exception.",A,2026-08-24-rivesaltes-marche-hebdomadaire,"{""data_publicacio_font"": ""official tourism page shows no publication/update date"", ""nom_altra_llengua"": ""no sourced published Catalan event-title version recovered"", ""organitzador"": ""source identifies location and linked city web site but does not explicitly name event organiser"", ""recurrence"": ""one row models the source-stated every-Monday recurrence; individual Mondays are not inferred as separate records"", ""url_cartell"": ""official page exposes no direct dated poster URL"", ""url_reserva"": ""source provides no booking route"", ""window_overlap"": ""series begins before and ends after research window; original published range is retained""}"
2026-09-01-couture-coeur-maureillas,Atelier couture du cœur organisé par l'EVS Maison pour Tous,fr,null,2026-09-01,mardi,2026-09-22,09:00,12:00,Espace de Vie Sociale Maison pour Tous,"1 Rue des Clous, 66480 Maureillas-las-Illas",Maureillas-las-Illas,Vallespir,Vallespir,other,null,"L'Espace de Vie Sociale Maison Pour Tous organise un atelier couture solidaire animé par une bénévole. L'objectif est de passer un moment ensemble et de confectionner des manchons pour des personnes en chimiothérapie. Nous oeuvrons en collaboration avec l'hôpital de Perpignan. L'atelier est gratuit, ouvert à toutes et tous, débutants ou confirmés.",fr,null,Espace de Vie Sociale Maison pour Tous,gratuit,null,https://www.maureillaslasillas.fr/agenda/710079?start_date=2026-09-01&end_date=2026-09-01,null — municipality-published detail exposes no publication/update date,2026-08-19,"TOUTES LES DATES
Le mar. 1 sept.
Le mar. 8 sept.
Le mar. 15 sept.
Le mar. 22 sept.

HORAIRES
9h-12h

ORGANISÉ PAR
Espace de Vie Sociale

L’atelier est gratuit, ouvert à toutes et tous, débutants ou confirmés.","The current municipality-published detail explicitly lists 1, 8, 15 and 22 September 2026, 09:00–12:00, 1 Rue des Clous, Espace de Vie Sociale and free public access. The official agenda’s later October–November page does not list subsequent sewing dates in the target window, so the row is limited to the four explicitly displayed September sessions. Sources accessed 2026-08-19.","confirmat — liveness checked 2026-08-19: municipality-published 2026 detail remains live and French/Catalan cancellation searches returned no cancellation, postponement, relocation or status exception.",A,2026-09-01-maureillas-couture-coeur,"{""data_publicacio_font"": ""municipality-published detail exposes no publication/update date"", ""llengua_esdeveniment"": ""source does not declare activity-language information"", ""nom_altra_llengua"": ""no published Catalan title version recovered"", ""recurrence_modelling"": ""one row records the four explicitly listed Tuesday sessions, 1–22 September; no unshown later sessions are inferred"", ""url_cartell"": ""no direct dated poster or event image was exposed"", ""url_reserva"": ""source provides no booking URL""}"
2026-09-01-gect-vallees-catalanes-saint-laurent-cerdans,Le GECT Les Vallées catalanes : une exposition qui célèbre les 15 ans de la structure,fr,null,2026-09-01,mardi,2026-10-31,10:00,17:00,Maison du patrimoine et de la mémoire André Abet,"Rue Joseph Nivet, 66260 Saint-Laurent-de-Cerdans",Saint-Laurent-de-Cerdans,Vallespir,Vallespir,exhibition,null,Exposition du 1 septembre au 31 octobre : « Le GECT Les Vallées catalanes : une exposition qui célèbre les 15 ans de la structure » à la Maison du Patrimoine.,fr,null,null,Gratuit,null,https://www.lepetitagenda.com/evenements/fete-de-la-musique/le-gect-les-vallees-catalanes-une-exposition-qui-celebre-les-15-ans-de-la-structure/,null — current detail exposes no publication/update date,2026-08-19,"1 Sep 2026 > 31 Oct 2026
10h00
Maison du patrimoine et de la mémoire André Abet
Saint-Laurent-de-Cerdans
Expositions
Gratuit

Exposition du 1 septembre au 31 octobre : « Le GECT Les Vallées catalanes : une exposition qui célèbre les 15 ans de la structure » à la Maison du Patrimoine.","The current local-calendar detail gives 1 September–31 October 2026, 10:00–17:00, free entry and the full Maison du Patrimoine address. The GECT/PAHT’s own Catalan website https://www.vcatalanes.com/ confirms that the transfrontier organisation includes Sant Llorenç de Cerdans and operates heritage exhibitions, but the exact 15th-anniversary event page was not located. The official Saint-Laurent tourism post published 2026-06-02 confirms a 2026 June–December festivities programme exists, but its image dates could not be read. Sources accessed 2026-08-19.","confirmat amb limitació — liveness checked 2026-08-19: the current local-calendar detail remains live and targeted annulée/reportée/cancel·lat searches return no cancellation, postponement, relocation or early-closure notice. No recovered organiser-issued detail for the exact exhibition; mandatory later recheck.",B,2026-09-01-saint-laurent-gect-vallees,"{""data_publicacio_font"": ""current event page exposes no publication/update date"", ""llengua_esdeveniment"": ""source does not explicitly declare exhibition-language information"", ""nom_altra_llengua"": ""no published Catalan exhibition title version recovered"", ""organiser_event_page"": ""GECT/PAHT own site confirms relevant territorial organisation but no exact 15th-anniversary event page was recovered"", ""organitzador"": ""current event detail does not identify a named organiser; title alone is not sufficient organiser attribution"", ""url_cartell"": ""no direct dated poster or event image was exposed"", ""url_reserva"": ""current event page exposes no booking URL""}"
2026-09-02-atelier-aquarelle-sainte-leocadie,ATELIER AQUARELLE,fr,null,2026-09-02,mercredi,2026-09-02,10:30,null,Musée de Cerdagne - Ferme Cal Mateu,"1 Avenue Cal Mateu, 66800 Sainte-Léocadie",Sainte-Léocadie,Alta Cerdanya,Cerdanya,workshop,null,"Atelier aquarelle  
Matériel compris dans le tarif de l'atelier. Les participants repartent avec leur production. Tout public (dès 7 ans).",fr,https://api.cloudly.space/resize/crop/1200/627/60/aHR0cHM6Ly9jZHQ2Ni5tZWRpYS50b3VyaW5zb2Z0LmV1L3VwbG9hZC9BdGVsaWVyLUFxdWFyZWxsZS0yLmpwZw==/image.jpg,Musée de Cerdagne - Ferme Cal Mateu,Tarif plein 12 €; tarif réduit 10 €; tarif enfant 6 €,null,https://www.pyrenees-cerdagne.com/planifier/activites/agenda/atelier-aquarelle-6305842,null — official page shows no publication or last-update date,2026-08-19,"Atelier aquarelle  
Matériel compris dans le tarif de l'atelier. Les participants repartent avec leur production. Tout public (dès 7 ans).

Horaires
* Le 2 septembre 2026 à 10:30","The individual official Pyrénées-Cerdagne page at https://www.pyrenees-cerdagne.com/planifier/activites/agenda/atelier-aquarelle-6305842 explicitly gives `Le 2 septembre 2026 à 10:30`, 2026 tariffs and Sainte-Léocadie. The organiser-issued `Dépliant Musée De Cerdagne 2026`, published 2026-02-21 at https://www.calameo.com/read/007004164e493bf285c3c, lists `Mercredi 02 : Atelier Aquarelle 10h30 - Tout public (dès 7 ans)` on page 14. Both sources were accessed 2026-08-19.","confirmat — liveness checked 2026-08-19: the individual official page remains active with 2 September 2026 timing, and a targeted annulé/reported search returned no cancellation, postponement, relocation or sold-out notice. Required later re-check applies.",A,2026-09-02-sainte-leocadie-atelier-aquarelle,"{""data_publicacio_font"": ""individual official page displays no publication or last-update date; organiser programme publication date is retained in confirmacio_2026"", ""hora_fi"": ""individual official event page gives a 10:30 start but no end time"", ""llengua_esdeveniment"": ""sources are French but do not explicitly declare the workshop-language field"", ""nom_altra_llengua"": ""no sourced published Catalan title version found"", ""url_reserva"": ""no online booking URL is exposed; the 2026 museum programme states booking is imperative for limited workshop places, but gives contact rather than a booking link""}"
2026-09-03-festival-pellicu-live-thuir,FESTIVAL PELLICU-LIVE,fr,null,2026-09-03,jeudi,2026-09-05,18:00,null,Parc Palauda,"Avenue Dr. Ecoiffier, 66300 Thuir",Thuir / Tuïr,Rosselló,Rosselló,music,null,"La toile parfaite se déroule à Thuir, avec un scénario digne des plus belles histoires : rires, musique, gastronomie, cinéma et moments partagés sous le soleil du Sud. Cette année encore, la recette reste la même (et toujours aussi savoureuse) : des masterclass cinéma, des shows avec des chefs incontournables, et des lives époustouflants. Et parce que toute belle histoire mérite une fin mémorable, nous clôturerons en apothéose avec la “Too Much Party” le samedi soir : une soirée déguisée, portée par des artistes qui rassemblent toutes les générations, des nostalgiques aux plus jeunes curieux, pour vivre ensemble des instants suspendus et inoubliables.❤️",fr,https://cdt66.media.tourinsoft.eu/upload/aSPRES-THUIR-PELLICULIVE26.jpg,Festival Pellicu-Live,null,https://pelliculive.seetickets.com/tour/pellicu-live-2026,https://pelliculive.fr/,null — organiser page shows no publication/update date,2026-08-19,"Du 3 septembre au 5 septembre 2026

Rendez-vous les 3, 4 et 5 septembre 2026 pour écrire, ensemble, le prochain chapitre de Pellicu-Live !

PARC PALAUDA
Avenue Dr. Ecoiffier, 66300 Thuir.

Ouverture des portes : 18h00, chaque jour","The organiser’s current 2026 programme explicitly states 3–5 September 2026 at Parc Palauda and links current 2026 ticketing. Official Pyrénées-Orientales Tourism cross-confirms `3 September 2026 to 5 September 2026`, the Thuir address and the direct published festival image at https://www.tourism-mediterraneanpyrenees.com/festival-pellicu-live/thuir/fmalar066v521kjh. Both accessed 2026-08-19.","confirmat — liveness checked 2026-08-19: organiser, official tourism and live ticketing pages remain active; French/Catalan cancellation, postponement and closure queries returned no event-wide status exception. The organiser notes PSH/PMR platform quotas are exhausted, not that the festival is sold out.",A,2026-09-03-thuir-festival-pellicu-live,"{""data_publicacio_font"": ""organiser page shows no publication/update date"", ""hora_fi"": ""organiser gives gate opening at 18:00 and entry permitted until 23:00, not an event closing time"", ""llengua_esdeveniment"": ""source does not state the event language(s)"", ""nom_altra_llengua"": ""no sourced published Catalan event-title version recovered"", ""preu"": ""organiser describes ticket categories but exposes no exact public tariff on the accessible programme page""}"
2026-09-04-colorine-peinture-maureillas,Exposition de peinture par l'association Colorine,fr,null,2026-09-04,vendredi,2026-09-28,14:30,17:30,Musée du liège,"2 Avenue Maréchal Joffre, 66480 Maureillas-las-Illas",Maureillas-las-Illas,Vallespir,Vallespir,exhibition,null,"Le Musée du liège et la commune de Maureillas-Las Illas sont heureux d’accueillir une association de peinture dont le siège est au Boulou. Parmi ses adhérents, plusieurs artistes sont également maureillanais. Tous auront le plaisir de vous présenter leurs dernières créations au cours d’une exposition qui se tiendra tout le mois de septembre au Musée du liège.",fr,null,Association Colorine; Commune de Maureillas-Las Illas et Musée du liège (hosts),gratuit,null,https://www.maureillaslasillas.fr/agenda/845490,null — municipality-published detail exposes no publication/update date,2026-08-19,"DATES
Du ven. 4 sept. au lun. 28 sept.

HORAIRES
14h30 - 17h30
vernissage : vendredi 4 septembre à 18h

TARIFS
gratuit","Current municipality-published detail explicitly gives 4–28 September 2026, 14:30–17:30, the 4 September 18:00 vernissage, museum address and free admission. The official agenda page confirms the exhibition and no liveness search found cancellation, postponement, relocation or early closure. Sources accessed 2026-08-19.","confirmat — liveness checked 2026-08-19: the current municipality-published 2026 detail remains live and targeted association/cancellation searches returned no cancellation, postponement, relocation or closure notice.",A,2026-09-04-maureillas-colorine-peinture,"{""data_publicacio_font"": ""municipality-published detail exposes no publication/update date"", ""llengua_esdeveniment"": ""source does not declare exhibition-language information"", ""nom_altra_llengua"": ""no published Catalan title version recovered"", ""url_cartell"": ""no direct dated poster or event image was exposed"", ""url_reserva"": ""source provides no booking URL""}"
2026-09-04-les-invisibles-tirailleurs-le-boulou,LES INVISIBLES : LES TIRAILLEURS SÉNÉGALAIS. WARREN SARÉ ASSOCIATION ÉCOLE SANS FRONTIÈRES VISA OFF 2025,fr,null,2026-09-04,vendredi,2026-09-30,null,null,Médiathèque Le Boulou,"Avenue Léon-Jean Grégory, 66160 Le Boulou",Le Boulou / El Voló,Vallespir,Vallespir,exhibition,null,"Les Invisibles. Engagé auprès de la jeunesse, dans un travail de transmission et de mémoire, Warren SARE vit à Ouagadougou au Burkina Faso. Emu par un récit de son grand père, « Tirailleurs sénégalais », il forme le projet de retrouver ces anciens combattants africains encore vivants dans des anciennes colonies française, enrôlés sur le théâtre des deux guerres mondiales, d’Algérie et d’Indochine. Ce travail artistique et mémoriel a pour objectif de rendre visibles « Les Invisibles » contre l’oubli de l’histoire.",fr,null,Médiathèque Le Boulou,gratuit aux heures d’ouverture,null,https://www.mairie-leboulou.fr/agenda/47620/3454-les-invisibles-les-tirailleurs-senegalais.-warren-sare-association-ecole-sans-frontieres-visa-off-2025.htm,null — official municipal page shows no publication/update date,2026-08-19,"Du 04 septembre 2026 au 30 septembre 2026

Lieu : MÉDIATHÈQUE

Entrée libre aux heures d’ouverture","The current Mairie du Boulou detail explicitly confirms 4–30 September 2026, Médiathèque venue and free access during opening hours. Current official Vallespir Tourism Catalan page independently confirms `Del 4 setembre 2026 al 30 setembre 2026`, gives Avenue Léon-Jean Grégory and a Catalan description; it provides no differently translated official title. Sources accessed 2026-08-19.","confirmat — liveness checked 2026-08-19: current municipal and official Catalan tourism details remain live; French/Catalan cancellation, postponement, closure and time-change queries returned no exhibition-specific status exception.",A,2026-09-04-le-boulou-les-invisibles-tirailleurs,"{""data_publicacio_font"": ""official municipal page shows no publication/update date"", ""hora_fi"": ""official municipal and Catalan tourism pages give date range but no daily opening hours"", ""hora_inici"": ""official municipal and Catalan tourism pages give date range but no daily opening hours"", ""llengua_esdeveniment"": ""source provides French and Catalan descriptions but does not state language(s) used in event activity"", ""nom_altra_llengua"": ""official Catalan page retains the French published title; no separate Catalan title is invented"", ""organiser_basis"": ""official Catalan tourism page credits/contact-links Médiathèque Le Boulou; no distinct production organiser is named"", ""url_cartell"": ""official tourism page labels AFF TIRAILLEURS0926 image but exposes no direct recoverable file URL"", ""url_reserva"": ""free exhibition; source provides no booking route""}"
2026-09-04-presentation-saison-culturelle-ceret,Soirée de présentation de la saison culturelle 2026-2027,fr,null,2026-09-04,vendredi,2026-09-04,18:30,21:30,Salle de l'Union,null,Céret,Vallespir,Vallespir,other,null,"La ville vous invite à découvrir la nouvelle saison culturelle lors d’une soirée de présentation vendredi 4 septembre à 18h30, à la salle de l’Union. Découvrez les rendez-vous qui rythmeront la saison 2026-2027. La soirée sera accompagnée d’une participation musicale de Fill in Guitar.",fr,null,Ville de Céret,Entrée libre; carte d’abonnement à la saison proposée à 5 € lors de cette soirée uniquement,null,https://www.ceret.fr/agenda/47761/11511-soiree-de-presentation-de-la-saison-culturelle-2026-2027.htm,null — official municipal detail exposes no publication/update date,2026-08-19,"Vendredi 04 septembre 2026

La ville vous invite à découvrir la nouvelle saison culturelle lors d’une soirée de présentation vendredi 4 septembre à 18h30, à la salle de l’Union.

Entrée libre. Carte d’abonnement à la saison proposée au tarif de 5 € lors de cette soirée uniquement.","Current official Ville de Céret detail explicitly names Friday 4 September 2026, 18:30, Salle de l’Union, municipal organiser, Fill in Guitar participation and entry conditions. Current local-calendar companion detail https://www.lepetitagenda.com/evenements/concert/presentation-de-la-saison-culturelle-20262027-9429668 independently gives a 21:30 end time. Sources accessed 2026-08-19.","confirmat — liveness checked 2026-08-19: current official municipal and local-calendar 2026 pages remain live; exact annulée/reportée search returned no cancellation, postponement, relocation or sold-out notice.",A,2026-09-04-ceret-presentation-saison,"{""adreca"": ""official event page names Salle de l’Union but not a street address"", ""data_publicacio_font"": ""official detail exposes no publication/update date"", ""hora_fi"": ""21:30 is from a current independent local-calendar companion; primary municipal source states start time only"", ""llengua_esdeveniment"": ""source does not declare event-language information"", ""nom_altra_llengua"": ""no published Catalan title version recovered"", ""url_cartell"": ""official detail exposes an image area but no direct event-image URL was recovered"", ""url_reserva"": ""official detail exposes no booking URL""}"
2026-09-04-randonnee-chapelle-saint-laurent-argeles,BALADE COMMENTEE NATURE - RANDONNEE A LA CHAPELLE SAINT-LAURENT-DU-MONT (chaque vendredi),fr,null,2026-09-04,vendredi,2026-10-16,09:00,12:00,Chapelle Saint-Laurent-du-Mont,"Chemin de Valmy, 66700 Argelès-sur-Mer",Argelès-sur-Mer / Argelers,Rosselló,Rosselló,nature & outdoors,null,UNE INVITATION A RALENTIR ET DECOUVRIR LA FORET DU MASSIF DES ALBERES AUTREMENT.,fr,null,Mairie d’Argelès-sur-Mer,gratuit,null,https://www.argeles-sur-mer.com/offres/balade-commentee-nature-randonnee-a-la-chapelle-saint-laurent-du-mont-argeles-sur-mer-fr-6398529/,null — official tourism page shows no publication/update date,2026-08-19,"Chaque vendredi du 4 septembre 2026 au 16 octobre 2026
09:00 à 12:00

Chemin de Valmy, 66700 Argelès-sur-Mer

MAIRIE

Gratuit","The current official Argelès-sur-Mer Tourism event page explicitly publishes the Friday 4 September–16 October 2026 range, 09:00–12:00, Chemin de Valmy address, Mairie source and free admission. It also displays the individual 4, 11, 18 and 25 September occurrences. Source accessed 2026-08-19.","confirmat — liveness checked 2026-08-19: official tourism and municipal-agenda pages remain live; French/Catalan cancellation, postponement, closure and date-change queries returned no event-specific status exception.",A,2026-09-04-argeles-randonnee-chapelle-saint,"{""data_publicacio_font"": ""official tourism page shows no publication/update date"", ""llengua_esdeveniment"": ""source does not state activity language(s)"", ""nom_altra_llengua"": ""no sourced published Catalan event-title version recovered"", ""recurrence"": ""one row models explicitly published Friday recurrence within 4 September–16 October 2026; no additional occurrences are inferred"", ""url_cartell"": ""official page exposes a generic source image but no direct dated poster URL"", ""url_reserva"": ""source provides no reservation URL""}"
2026-09-05-fete-medievale-formigueres,FÊTE MÉDIÉVALE DE FORMIGUÈRES,fr,null,2026-09-05,samedi,2026-09-05,10:30,null,Place du Village,"Place du Village, 66210 Formiguères",Formiguera / Formiguères,Capcir,Capcir,heritage,null,"Grande fête médiévale de Formiguères le samedi 5 septembre 2026.

Début des festivités à partir de 10h30:

• Spectacles de rues

•Animations

• Marché des producteurs et marché médiéval

• Arrivé du cortège royal et discours

• Grand buffet à partir de 12h30

• Concert et spectacle de feu en soirée

Renseignements et location de costumes au point info tourisme.

Venez nombreux !!!!",fr,https://formigueres.fr/wp-content/uploads/2026/08/05-07-Fete-medievale-formigueres.jpg,Mairie de Formiguères,null,null,https://www.facebook.com/MairiedeFormigueres/posts/grande-f%C3%AAte-m%C3%A9di%C3%A9vale-de-formigu%C3%A8res-le-samedi-5-septembre-2026d%C3%A9but-des-festivi/1083486077347142/,2026-08-05,2026-08-19,"Grande fête médiévale de Formiguères le samedi 5 septembre 2026.

Début des festivités à partir de 10h30:

• Spectacles de rues
•Animations
• Marché des producteurs et marché médiéval
• Arrivé du cortège royal et discours
• Grand buffet à partir de 12h30
• Concert et spectacle de feu en soirée",Official Mairie de Formiguères post explicitly states Saturday 5 September 2026. Its index record is dated 2026-08-05; the rendered post shows “August 5 at 6:05 AM”. The municipal tourism agenda independently displays the matching dated 2026 poster.,"confirmat — liveness checked 2026-08-19: current official municipal post and municipal tourism agenda show no annulé, reporté, complet or déplacé notice.",A,2026-09-05-formigueres-fete-medievale,"{""data_publicacio_font"": ""2026-08-05 is available through the direct-post search index; the rendered post itself shows month/day/time without its year"", ""hora_fi"": ""source does not publish a closing time"", ""llengua_esdeveniment"": ""source does not state the language in which the event is held"", ""nom_altra_llengua"": ""no sourced published Catalan translation"", ""preu"": ""official source publishes no price or gratuity statement"", ""url_reserva"": ""official source publishes no booking URL; it gives Point Info Tourisme telephone 04 68 04 47 35 for information and costume hire""}"
2026-09-05-fete-sort-petanque-saint-laurent-cerdans,Fête de la Sort — Concours de Pétanque,fr,null,2026-09-05,samedi,2026-09-05,10:00,16:00,Village de Saint-Laurent-de-Cerdans,null,Saint-Laurent-de-Cerdans,Vallespir,Vallespir,sports,null,"Samedi 5 septembre : Fête de la Sort
Concours de Pétanque",fr,null,null,null,null,https://www.lepetitagenda.com/evenements/fete-de-la-musique/fete-de-la-sort-concours-de-petanque/,null — current detail exposes no publication/update date,2026-08-19,"5 Sep 2026
10h00
Village Saint-Laurent-de-Cerdans
Saint-Laurent-de-Cerdans
Sport

Samedi 5 septembre : Fête de la Sort
Concours de Pétanque","The current event detail explicitly gives 5 September 2026, 10:00–16:00 and Village Saint-Laurent-de-Cerdans. The official tourism-office post published 2026-06-02 confirms a 2026 June–December festivities programme exists, but its attached programme dates were inaccessible. Sources accessed 2026-08-19.","confirmat amb limitació — liveness checked 2026-08-19: the current 2026 event detail remains live and targeted annulée/reportée/cancel·lat searches return no cancellation, postponement, relocation or sold-out notice. Direct organiser/municipal detail for the session was not recovered; mandatory recheck.",B,2026-09-05-saint-laurent-fete-sort-petanque,"{""adreca"": ""source gives village-level location only"", ""data_publicacio_font"": ""current detail exposes no publication/update date"", ""festival_modelling"": ""this is the distinct 5 September sporting session; the separately listed 6 September religious/folklore session has its own record"", ""llengua_esdeveniment"": ""source does not declare event-language information"", ""nom_altra_llengua"": ""no published Catalan title version recovered"", ""organitzador"": ""current detail does not identify an organiser"", ""preu"": ""current detail gives `Non communiqués` and no entry/tournament tariff"", ""url_cartell"": ""no direct dated poster or event image was exposed"", ""url_reserva"": ""current detail exposes no booking URL""}"
2026-09-05-forum-associations-ceret,Forum des associations,fr,null,2026-09-05,samedi,2026-09-05,09:00,12:00,Stade Fondecave,null,Céret,Vallespir,Vallespir,other,null,"La Ville organise le Forum des associations, le samedi 5 septembre 2026, de 9h à 12h, au stade Fondecave. Venez rencontrer les associations cérétanes, découvrir leurs activités et échanger avec leurs bénévoles.",fr,null,Ville de Céret,null,null,https://www.ceret.fr/agenda/47759/11511-forum-des-associations.htm?periode=509957,null — official municipal detail exposes no publication/update date,2026-08-19,"Samedi 05 septembre 2026

La Ville organise le Forum des associations, le samedi 5 septembre 2026, de 9h à 12h, au stade Fondecave.","Current official Ville de Céret event page explicitly gives Saturday 5 September 2026, 09:00–12:00, Stade Fondecave and municipal organisation. The official monthly programme PDF at https://www.ceret.fr/cms_viewFile.php?idtf=243684&path=9.pdf independently repeats the date/time and adds association contact numbers. Sources accessed 2026-08-19.","confirmat — liveness checked 2026-08-19: current official municipal detail/programme remain live; exact annulé/reporté search returned no cancellation, postponement, relocation or status exception.",A,2026-09-05-ceret-forum-associations,"{""adreca"": ""official event page names Stade Fondecave but not a street address"", ""data_publicacio_font"": ""official detail exposes no publication/update date"", ""llengua_esdeveniment"": ""source does not declare event-language information"", ""nom_altra_llengua"": ""no published Catalan title version recovered"", ""preu"": ""official sources do not state admission price"", ""url_cartell"": ""official detail exposes an image area but no direct event-image URL was recovered"", ""url_reserva"": ""official detail exposes no booking URL""}"
2026-09-05-forum-associations-ille-sur-tet,Forum des Associations,fr,null,2026-09-05,samedi,2026-09-05,09:00,16:00,Espace La Catalane,"Avenue Pasteur, 66130 Ille-sur-Têt",Ille-sur-Têt / Illa,Rosselló,Rosselló,other,null,"🎉 FORUM DES ASSOCIATIONS – ILLE-SUR-TÊT 🎉

Envie de découvrir les associations de notre commune, de rencontrer leurs bénévoles et de trouver une activité qui vous ressemble ? 🤝

📅 Samedi 5 septembre 2026  
📍 À La Catalane – Ille-sur-Têt  
🕘 De 9h à 16h

🏀 Sport • 🎭 Culture • ❤️ Solidarité • 🌿 Environnement • 🎨 Loisirs • 🎓 Éducation

Venez découvrir, échanger et participer ! Il y en aura pour tous les goûts et tous les âges. 😊

👉 Une belle occasion de rencontrer celles et ceux qui font vivre notre commune tout au long de l’année !",fr,null,Mairie d'Ille sur Têt,null,null,https://www.ille-sur-tet.com/agenda/forum-des-associations-2/,null — municipal page shows no publication/update date,2026-08-19,"Samedi 5 septembre 2026
📍 À La Catalane – Ille-sur-Têt
🕘 De 9h à 16h

Lieu
Espace La Catalane
Avenue Pasteur 66130 Ille sur Tet

Organisateur
Mairie d’Ille sur Têt","Current municipal event detail explicitly confirms Saturday 5 September 2026, 09:00–16:00, Espace La Catalane, Avenue Pasteur and Mairie d’Ille sur Têt organiser. Source accessed 2026-08-19.",confirmat — liveness checked 2026-08-19: current municipal detail and municipal social result remain live; French/Catalan cancellation and postponement queries returned no event-specific status exception.,A,2026-09-05-ille-sur-tet-forum-associations,"{""data_publicacio_font"": ""municipal page shows no publication/update date"", ""llengua_esdeveniment"": ""source does not state event language(s)"", ""nom_altra_llengua"": ""no sourced published Catalan event-title version recovered"", ""preu"": ""municipal page provides no admission/tariff statement"", ""url_cartell"": ""municipal card references forum imagery but no recoverable direct dated poster URL was exposed"", ""url_reserva"": ""source provides no booking URL""}"
2026-09-05-forum-associations-le-boulou,FORUM DES ASSOCIATIONS - LE BOULOU,fr,FIRA D'ENTITATS – LE BOULOU,2026-09-05,samedi,2026-09-05,15:00,18:00,Rue Arago,"Rue Arago, 66160 Le Boulou",Le Boulou / El Voló,Vallespir,Vallespir,community,null,Venez rencontrer les associations boulounenques et trouver votre activité pour la rentrée 2026.,fr,null,Mairie du Boulou,gratuit,null,https://www.vallespir-tourisme.fr/offres/forum-des-associations-le-boulou-le-boulou-fr-6715867/,null — official tourism page shows no publication/update date,2026-08-19,"Samedi 5 septembre 2026 - 15h-18h

Rue Arago

Venez rencontrer les associations boulounenques et trouver votre activité pour la rentrée 2026

Entrée gratuite","The current official Vallespir Tourism detail explicitly confirms Saturday 5 September 2026, 15:00–18:00, Rue Arago, free entry and the 2026 rentrée association purpose. Its current Catalan version independently publishes `FIRA D’ENTITATS – LE BOULOU`, `Dissabte 5 de setembre de 2026 – De 15:00 a 18:00 h` and a Catalan description. Source accessed 2026-08-19.","confirmat — liveness checked 2026-08-19: current Tourism French/Catalan details and municipal agenda listing remain live; French/Catalan cancellation, postponement, closure and time-change queries returned no forum-specific status exception.",A,2026-09-05-le-boulou-forum-associations,"{""data_publicacio_font"": ""official tourism page shows no publication/update date"", ""llengua_esdeveniment"": ""source publishes French/Catalan descriptions but does not state language(s) used in event activity"", ""organiser_basis"": ""official Tourism page credits Mairie Le Boulou on source image and links municipal site; no separate organiser field is published"", ""url_cartell"": ""page credits Mairie Le Boulou image but text extraction exposes no direct poster file URL"", ""url_reserva"": ""free forum; source provides no booking route""}"
2026-09-05-forum-associations-rivesaltes,FORUM DES ASSOCIATIONS,fr,null,2026-09-05,samedi,2026-09-05,09:00,17:00,Les Dômes,"Avenue de la Marne, 66600 Rivesaltes",Rivesaltes / Ribesaltes,Rosselló,Rosselló,community,null,FORUM DES ASSOCIATIONS,fr,https://www.rivesaltes.fr/wp-content/uploads/2026/07/AFFICHE-FORUM-DES-ASSOCIATIONS-scaled.jpg,Mairie de Rivesaltes,gratuit,null,https://www.rivesaltes.fr/agenda/forum-des-associations-4/,null — official municipal page shows no publication/update date,2026-08-19,"Date — 5 septembre 2026

Heure — 09:00 - 17:00

Coût — Gratuit

Lieu — Les Dômes
Avenue de la Marne, Rivesaltes","The current official Mairie de Rivesaltes detail explicitly confirms 5 September 2026, 09:00–17:00, free entry, Les Dômes/Avenue de la Marne and a 2026/07 direct forum-poster asset. The municipal cultural agenda independently lists the same 5 September 09:00–17:00 event. Sources accessed 2026-08-19.","confirmat — liveness checked 2026-08-19: official municipal detail, poster asset and cultural agenda remain live; French/Catalan cancellation, postponement, closure and time-change queries returned no forum-specific status exception.",A,2026-09-05-rivesaltes-forum-associations,"{""data_publicacio_font"": ""official municipal page shows no publication/update date"", ""llengua_esdeveniment"": ""municipal source does not state activity language(s)"", ""nom_altra_llengua"": ""no sourced published Catalan event-title version recovered"", ""organiser_basis"": ""organiser follows direct municipal publication/provenance; no separate association organiser is named"", ""url_reserva"": ""source provides no booking route""}"
2026-09-05-forum-associations-thuir,FORUM DES ASSOCIATIONS THUIR 2026,fr,null,2026-09-05,samedi,2026-09-05,09:00,13:00,null,null,Thuir / Tuïr,Rosselló,Rosselló,other,null,"Venez découvrir la vie associative de votre municipalité! En effet, chaque association et ce, tout au long de la journée propose des séances de démonstrations et aussi des informations sur les clubs aussi bien sportifs que culturels!  
Venez nombreux pour rencontrer les Associations de Thuir!  
Repli aux halles des sports en cas de pluie.",fr,null,null,null,null,https://aspres-thuir.com/evenement/forum-des-associations-thuir-2026/,null — official tourism page shows no publication/update date,2026-08-19,"Dates 5 septembre 2026 de 09:00 à 13:00

Venez découvrir la vie associative de votre municipalité!

Repli aux halles des sports en cas de pluie.","The current official Aspres-Thuir Tourism detail explicitly confirms 5 September 2026, 09:00–13:00 and the Thuir association forum programme. It supplies the Mairie de Thuir contact number but does not identify a fixed venue. Source accessed 2026-08-19.","confirmat — liveness checked 2026-08-19: current official tourism detail remains live and French/Catalan cancellation, postponement and relocation queries returned no status exception. The published Halles des sports reference is conditional rain relocation, not a second venue.",B,2026-09-05-thuir-forum-associations,"{""adreca"": ""official tourism page provides no event street address"", ""data_publicacio_font"": ""official tourism page shows no publication/update date"", ""llengua_esdeveniment"": ""source does not state the event language(s)"", ""lloc"": ""official tourism page provides only municipality; Halles des sports is named only as a conditional rain-relocation site"", ""nom_altra_llengua"": ""no sourced published Catalan event-title version recovered"", ""organitzador"": ""source provides Mairie de Thuir telephone contact but does not name an organiser"", ""preu"": ""source provides no admission/tariff statement"", ""url_cartell"": ""no direct dated poster was exposed on official tourism page"", ""url_reserva"": ""source provides no booking URL""}"
2026-09-05-forum-des-associations-saint-paul-de-fenouillet,FORUM DES ASSOCIATIONS – SAINT PAUL DE FENOUILLET,fr,null,2026-09-05,samedi,2026-09-05,09:30,null,Cour de la bibliothèque,"21 Avenue Georges Pezières, 66220 Saint-Paul-de-Fenouillet",Sant Pau de Fenollet / Saint-Paul-de-Fenouillet,Fenolleda,Rosselló,other,null,"FORUM DES ASSOCIATIONS ET ACCUEIL DES NOUVEAUX ARRIVANTS à Saint-Paul-de-Fenouillet
 A partir de 09h30 dans la cour de la bibliothèque.
 Venez à la rencontre des associations qui vous présenteront leurs activités.
 A 11h remise des trophées du mérite Saint-Paulais suivie de l'Accueil des Nouveaux Arrivants.",fr,https://cdn.tourinflow.fr/storage/photos/b1c64e6632c264312b6c9151c7f89ebb/FORUM-ASSO-2026.png,Mairie de Saint-Paul-de-Fenouillet / Festivités et patrimoine,null,null,https://www.st-paul66.com/prestataires/forum-des-associations-saint-paul-de-fenouillet/,null,2026-08-19,"FORUM DES ASSOCIATIONS ET ACCUEIL DES NOUVEAUX ARRIVANTS à Saint-Paul-de-Fenouillet
A partir de 09h30 dans la cour de la bibliothèque.
Venez à la rencontre des associations qui vous présenteront leurs activités.
A 11h remise des trophées du mérite Saint-Paulais suivie de l'Accueil des Nouveaux Arrivants.

05/09/2026 | 09:30","Mairie de Saint-Paul-de-Fenouillet municipal event page, dated 05/09/2026 on-page; page shows no publication or update date; accessed 2026-08-19.","confirmat — liveness checked 2026-08-19: current municipal event page shows no annulé, reporté, complet or déplacé notice.",A,2026-09-05-saint-paul-de-fenouillet-forum-des-associations,"{""data_publicacio_font"": ""municipal event page shows no publication or last-update date"", ""hora_fi"": ""source does not publish an end time"", ""llengua_esdeveniment"": ""source does not state the language in which the event is held"", ""nom_altra_llengua"": ""no sourced published Catalan translation"", ""preu"": ""source publishes no price or gratuity statement"", ""url_reserva"": ""source publishes no booking or registration URL""}"
2026-09-06-fete-sort-messe-folklore-saint-laurent-cerdans,Fête de la Sort — Messe et spectacle folklorique des Danseurs Catalans,fr,null,2026-09-06,dimanche,2026-09-06,10:30,16:30,Village de Saint-Laurent-de-Cerdans,null,Saint-Laurent-de-Cerdans,Vallespir,Vallespir,heritage,null,"Dimanche 6 septembre : Fête de la Sort
10h30 Messe animée par la Cobla Principal del Rosselló, bénédiction des berenes, sardanes
13h Dinar de Germanor
15h30 Spectacle folklorique des Danseurs Catalans.
16h30 Sardanes",fr,null,null,Gratuit,null,https://www.lepetitagenda.com/evenements/fete-de-la-musique/fete-de-la-sort-messe-et-spectacle-folklorique-des-danseurs-catalans/,null — current detail exposes no publication/update date,2026-08-19,"6 Sep 2026
10h30
Village Saint-Laurent-de-Cerdans
Saint-Laurent-de-Cerdans
Divers
Gratuit

10h30 Messe animée par la Cobla Principal del Rosselló, bénédiction des berenes, sardanes
13h Dinar de Germanor
15h30 Spectacle folklorique des Danseurs Catalans.
16h30 Sardanes","The current event detail explicitly gives the 6 September 2026 programme, 10:30–16:30, Village Saint-Laurent-de-Cerdans and free entry. It names Cobla Principal del Rosselló and Danseurs Catalans but does not assign an organiser. The official tourism-office post published 2026-06-02 confirms the municipality’s 2026 programme includes sardanes, Catalan dances and folklore, but its attached exact dates were inaccessible. Sources accessed 2026-08-19.","confirmat amb limitació — liveness checked 2026-08-19: current 2026 event detail remains live and targeted annulée/reportée/cancel·lat searches returned no cancellation, postponement, relocation or status exception. Direct parish/organiser confirmation was not recovered; mandatory recheck.",B,2026-09-06-saint-laurent-fete-sort-messe,"{""adreca"": ""source gives village-level location only"", ""data_publicacio_font"": ""current detail exposes no publication/update date"", ""festival_modelling"": ""this is the distinct 6 September religious/folklore session; the 5 September pétanque session has its own record"", ""llengua_esdeveniment"": ""source does not declare programme-language information"", ""nom_altra_llengua"": ""no published Catalan title version recovered"", ""organitzador"": ""current detail names performers but no responsible organiser"", ""url_cartell"": ""no direct dated poster or event image was exposed"", ""url_reserva"": ""current detail exposes no booking URL""}"
2026-09-06-geotrain-fenouilledes-rivesaltes,GÉOTRAIN AU CŒUR DU FENOUILLÈDES,fr,null,2026-09-06,dimanche,2026-09-06,09:45,17:55,Train Rouge,"Avenue René Victor Manaut, 66600 Rivesaltes",Rivesaltes / Ribesaltes,Rosselló,Rosselló,nature & outdoors,fr,"Bienvenue à bord du Train Rouge du Pays Cathare et du Fenouillèdes, où l’aventure géologique rencontre le charme pittoresque des paysages méridionaux ! Organisé par le Parc Naturel Régional Corbières-Fenouillèdes et le Syndicat mixte et SARL TPCF, et animé par Natur’ailes 66 et un agent du Parc.",fr,null,Parc Naturel Régional Corbières-Fenouillèdes / Syndicat mixte et SARL TPCF,"plein tarif 30,30 €; enfant 18,90 €; famille 80,50–89,90 €; senior 27,10 €",https://www.letrainrouge.fr/evenements,https://www.rivesaltes-tourisme.com/agenda/geotrain-au-coeur-du-fenouilledes/,null — official tourism page shows no publication/update date,2026-08-19,"Le 06 septembre 2026 de 09:45 à 17:55

Avenue René Victor Manaut 66600 RIVESALTES

Organisé par le Parc Naturel Régional Corbières-Fenouillèdes et le Syndicat mixte et SARL TPCF, et animé par Natur’ailes 66 et un agent du Parc.

Plein tarif 30.3€

Langues parlées — Français","The current official Rivesaltes Tourism detail explicitly confirms Sunday 6 September 2026 09:45–17:55, Rivesaltes departure address, named organisers/animators, fare table, French language and current Train Rouge booking URL. Source accessed 2026-08-19.","confirmat — liveness checked 2026-08-19: official tourism detail and current organiser booking route remain linked; French/Catalan cancellation, postponement, closure and time-change queries returned no event-specific status exception.",A,2026-09-06-rivesaltes-geotrain-fenouilledes,"{""data_publicacio_font"": ""official tourism page shows no publication/update date"", ""nom_altra_llengua"": ""no sourced published Catalan event-title version recovered"", ""url_cartell"": ""official page exposes no direct dated poster URL""}"
2026-09-06-prades-fete-escalade,FÊTE DE L'ESCALADE ET DU CLUB,fr,null,2026-09-06,dimanche,2026-09-06,14:00,18:00,Plaine Saint Martin,"Plaine Saint Martin, 66500 Prades",Prades / Prada,Conflent,Conflent,outdoor sports,null,"Le Club Alpin organise sa fête de l'escalade avec de nombreuses activités proposées : course de ski sur herbe, tyrolienne, escalade encadrée et autres défis!!!!",fr,null,Club Alpin Français Prades,plein tarif à partir de 7 €,null,https://www.tourisme-pyreneesorientales.com/agenda/fete-de-lescalade-et-du-club-prades-fr-5864085/,null — official Departmental Tourism event page shows no publication/update date,2026-08-19,"Dimanche 6 septembre de 14:00 à 18:00

Plaine Saint Martin, Prades

Le Club Alpin organise sa fête de l'escalade avec de nombreuses activités proposées : course de ski sur herbe, tyrolienne, escalade encadrée et autres défis!!!!

À partir de 7,00 €","Current official Departmental Tourism detail explicitly publishes Sunday 6 September 2026, 14:00–18:00, Plaine Saint Martin, activity programme, Club Alpin/Prades FFCAM link and full fare from €7. Official page exposes Catalan language route. Source accessed 2026-08-19.","confirmat — liveness checked 2026-08-19: current official Tourism page remains live; French/Catalan cancellation, postponement, closure and time-change queries returned no event-specific status exception.",A,2026-09-06-prades-fete-escalade,"{""data_publicacio_font"": ""official page shows no publication/update date"", ""llengua_esdeveniment"": ""source does not state event language(s)"", ""nom_altra_llengua"": ""official Catalan route exists but distinct Catalan title was not verified before extraction"", ""url_cartell"": ""page displays a credited visual but exposes no direct poster asset URL"", ""url_reserva"": ""source provides FFCAM website and contact but no direct registration URL""}"
2026-09-07-aperitifs-vignerons-banyuls,"APERITIFS VIGNERONS (chaque lundi, 7 septembre–5 octobre)",fr,null,2026-09-07,lundi,2026-10-05,18:00,null,null,null,Banyuls-sur-Mer / Banyuls de la Marenda,Rosselló,Rosselló,food & drink,null,"Amateurs de vins, on se dit « pourquoi pas », ce sera sans doute l’occasion d’apprendre des choses intéressantes et même de rencontrer du monde !
Visite et dégustation animées par le producteur.
RDV à 18H00
Inscription obligatoire au plus tard la veille auprès de l’Office de Tourisme au 04.68.88.31.58

Arrière-saison :
Lundi 7 septembre 2026 : Domaine Tambour
Lundi 14 septembre 2026 : Clos Castell
Lundi 21 septembre 2026 : Mon Club de Vin
Lundi 28 septembre 2026 : Terres des Templiers
Lundi 5 octobre 2026 : Domaine Saint-Sébastien",fr,null,Office de Tourisme de Banyuls-sur-Mer / producteurs participants,"10,00 €",null,https://www.banyuls-sur-mer.com/offres/aperitifs-vignerons-banyuls-sur-mer-fr-3141282/,null — official tourism page shows no publication/update date,2026-08-19,"Chaque lundi du 7 septembre 2026 au 5 octobre 2026
18:00

Visite et dégustation animées par le producteur. RDV à 18H00. Inscription obligatoire au plus tard la veille auprès de l’Office de Tourisme au 04.68.88.31.58

Plein tarif — 10,00 €","The current official Banyuls Tourism detail explicitly publishes the Monday 7 September–5 October 2026 18:00 recurrence, €10 tariff, next-day registration condition and each participating producer/date. The official calendar Google link contains the 2026 dates. Source accessed 2026-08-19.",confirmat — liveness checked 2026-08-19: the official tourism detail and current target-month agenda remain live; French/Catalan cancellation and postponement queries returned no series-wide status exception.,A,2026-09-07-banyuls-aperitifs-vignerons,"{""adreca"": ""official source provides municipality/map coordinates but no specific per-date address"", ""data_publicacio_font"": ""official tourism page shows no publication/update date"", ""hora_fi"": ""official source publishes start time only"", ""llengua_esdeveniment"": ""source does not state event language(s)"", ""lloc"": ""official source provides only Banyuls-sur-Mer/map coordinates; hosts vary by date and no individual domain address is supplied"", ""nom_altra_llengua"": ""no sourced published Catalan event-title version recovered"", ""recurrence"": ""one row models only the explicitly continuous Monday 7 September–5 October sequence; 12 October is not published and not inferred"", ""url_cartell"": ""official page exposes a generic autumn photograph, not a direct dated poster"", ""url_reserva"": ""registration is by telephone, with no online booking URL""}"
2026-09-07-tricot-crochet-maureillas,Atelier tricot et crochet organisé par l'Espace de Vie Sociale Maison pour Tous,fr,null,2026-09-07,lundi,2026-11-02,14:00,17:00,Espace de Vie Sociale Maison pour Tous,"1 Rue des Clous, 66480 Maureillas-las-Illas",Maureillas-las-Illas,Vallespir,Vallespir,other,null,"Envie de partager un moment convivial autour du tricot et du crochet ou d’apprendre à manier les aiguilles ? Vous êtes les bienvenu(e)s à l’atelier tricot et crochet de l’Espace de Vie Sociale Maison Pour Tous, les 1er et 3èmes lundis du mois.",fr,null,Espace de Vie Sociale Maison pour Tous,gratuit,null,https://www.maureillaslasillas.fr/agenda/718588?start_date=2026-09-07&end_date=2026-09-07,null — municipality-published detail exposes no publication/update date,2026-08-19,"TOUTES LES DATES
Le lun. 7 sept.
Le lun. 21 sept.
Le lun. 5 oct.
Le lun. 19 oct.
Le lun. 2 nov.

HORAIRES
14h-17h

TARIFS
gratuit

ORGANISÉ PAR
Espace de Vie Sociale

les 1er et 3èmes lundis du mois.","Current municipality-published detail explicitly lists the target-window dates 7/21 September, 5/19 October and 2 November 2026, the first and third Monday recurrence, 14:00–17:00, 1 Rue des Clous, Espace de Vie Sociale and free entry. Sources accessed 2026-08-19.","confirmat — liveness checked 2026-08-19: the municipality-published 2026 detail remains live and French/Catalan cancellation searches returned no cancellation, postponement, relocation or status exception.",A,2026-09-07-maureillas-tricot-crochet,"{""data_publicacio_font"": ""municipality-published detail exposes no publication/update date"", ""llengua_esdeveniment"": ""source does not declare activity-language information"", ""nom_altra_llengua"": ""no published Catalan title version recovered"", ""recurrence_modelling"": ""one row records the five explicitly listed 1st/3rd Monday sessions in the target window"", ""url_cartell"": ""no direct dated poster or event image was exposed"", ""url_reserva"": ""source provides no booking URL""}"
2026-09-08-conference-asame-banyuls,CONFERENCE ASAME - SEPTEMBRE,fr,null,2026-09-08,mardi,2026-09-08,21:00,null,Port de Banyuls-sur-Mer,"Quai Georges Petit, 66650 Banyuls-sur-Mer",Banyuls-sur-Mer / Banyuls de la Marenda,Rosselló,Rosselló,talk/lecture,null,"Conférence sur ""Claude Terisse, Corsaire d’Agde"" avec la présence dans le port de la réplique de son Chebeck (3 mâts voile latine). Proposée par l’ASAME, Associations des Amis de la Mer et des Eaux.
Une table ronde pourra également être organisée autour de la contrebande maritime de Banyuls.
Mardi 8 septembre à 21h au port.",fr,null,ASAME — Associations des Amis de la Mer et des Eaux,gratuit,null,https://www.banyuls-sur-mer.com/offres/conference-asame-septembre-banyuls-sur-mer-fr-6561956/,null — official tourism page shows no publication/update date,2026-08-19,"Le 8 septembre 2026
21:00

Conférence sur ""Claude Terisse, Corsaire d’Agde"" ... Proposée par l’ASAME, Associations des Amis de la Mer et des Eaux.

Quai Georges Petit, Banyuls-sur-Mer

Entrée gratuite","The current official Banyuls Tourism detail explicitly confirms 8 September 2026 at 21:00, Quai Georges Petit, free entry, ASAME attribution and the conference subject. Source accessed 2026-08-19.",confirmat — liveness checked 2026-08-19: current official tourism event detail remains live; French/Catalan cancellation and postponement queries returned no event-specific status exception.,B,2026-09-08-banyuls-conference-asame,"{""data_publicacio_font"": ""official tourism page shows no publication/update date"", ""hora_fi"": ""official source publishes start time only"", ""llengua_esdeveniment"": ""source does not state conference language(s)"", ""nom_altra_llengua"": ""no sourced published Catalan event-title version recovered"", ""programme_caveat"": ""source says a round table `pourra` be organised; it is possible, not confirmed, and is not treated as a separate session"", ""url_cartell"": ""official page labels an ASAME image but no direct dated poster URL was exposed"", ""url_reserva"": ""source provides no booking URL""}"
2026-09-08-courts-circuit-66-ceret,Courts Circuit 66 — 7ᵉ édition,fr,null,2026-09-08,mardi,2026-09-09,15:00,null,Salle de l'Union; Cour de la Galerie Art Sant Roch,null,Céret,Vallespir,Vallespir,cinema,null,"Les 8 et 9 septembre, le festival itinérant Courts Circuit 66 fait étape à Céret pour deux journées consacrées au court-métrage, à la mémoire et à la création artistique. Programme: conférences, projections, spectacle Ré-veillée les mémoires, concours international, concert d’Alverd Oliva et librairie itinérante Le Cheval dans l’Arbre.",fr,null,Courts Circuit 66; Ville de Céret (local host),Entrée libre et gratuite pour l’ensemble des rendez-vous,null,https://www.ceret.fr/agenda/47669/11511-courts-circuit-66-7-edition.htm?periode=508325,null — official municipal detail exposes no publication/update date,2026-08-19,"Du Mardi 08 au Mercredi 09 septembre 2026

Les 8 et 9 septembre, le festival itinérant Courts Circuit 66 fait étape à Céret pour deux journées consacrées au court-métrage, à la mémoire et à la création artistique.

Entrée libre et gratuite pour l’ensemble des rendez-vous.","Current official Ville de Céret detail publishes the full 8–9 September 2026 multi-venue programme, including named times, films, artists and free entry. It links the organiser site https://www.courtscircuit66.com/. Independent current festival search results state that Courts-Circuits 66 runs 11 August–20 September 2026; no cancellation or change notice was found. Sources accessed 2026-08-19.","confirmat — liveness checked 2026-08-19: current official municipal page and organiser website are live; exact annulé/reporté search returned no cancellation, postponement, relocation or sold-out notice.",A,2026-09-08-ceret-courts-circuit,"{""adreca"": ""official page names venues but does not give their street addresses"", ""data_publicacio_font"": ""official detail exposes no publication/update date"", ""festival_modelling"": ""one range row represents the festival; individual listed sessions are not duplicated"", ""hora_fi"": ""two-day festival has multiple sessions and venues; no single overall closing time is published"", ""llengua_esdeveniment"": ""sources do not declare a single programme-language field"", ""nom_altra_llengua"": ""no published Catalan event-title version recovered"", ""url_cartell"": ""official detail exposes an image area but no direct event-image URL was recovered"", ""url_reserva"": ""official sources state free entry and expose no booking URL""}"
2026-09-09-visite-passe-royal-saint-jean-pla-de-corts,"*SAINT-JEAN-PLA-DE-CORTS, UN VILLAGE AU PASSÉ ROYAL",fr,null,2026-09-09,mercredi,2026-09-09,16:30,null,Square Guy Male,"Square Guy Male, 66490 Saint-Jean-Pla-de-Corts",Saint-Jean-Pla-de-Corts / Sant Joan la Pla de Corts,Vallespir,Vallespir,guided tour,null,"VISITE GUIDÉE. Découvrez le passé royal du village de Saint-Jean-Pla-de-Corts ! Lors de notre balade intimiste à travers ses ruelles étroites, plongez dans l'histoire des églises, des cloches et des vieilles pierres et laissez-vous emporter par une expérience inoubliable. Inscription obligatoire.",fr,null,Vallespir Tourisme,plein tarif 6 €,null,https://www.vallespir-tourisme.fr/offres/saint-jean-pla-de-corts-un-village-au-passe-royal-saint-jean-pla-de-corts-fr-6707187/,null — official Tourism page shows no publication/update date,2026-08-19,"Mercredi 9 septembre à 16:30

Square Guy Male, Saint-Jean-Pla-de-Corts

Plein tarif 6,00 €

Inscription obligatoire","The current official Vallespir Tourism detail explicitly confirms Wednesday 9 September 2026 at 16:30, Square Guy Male, guided cultural/heritage visit, compulsory registration and €6 full fare. Its Catalan route is exposed by the official page, but no separately verified translated title was recovered before extraction. Source accessed 2026-08-19.","confirmat — liveness checked 2026-08-19: current official Tourism detail remains live; French/Catalan cancellation, postponement, closure and time-change queries returned no visit-specific status exception.",A,2026-09-09-saint-jean-pla-de-corts-village-passe-royal,"{""data_publicacio_font"": ""official Tourism page shows no publication/update date"", ""hora_fi"": ""source publishes start time only"", ""llengua_esdeveniment"": ""source does not state language(s) used in the visit"", ""nom_altra_llengua"": ""official Catalan route exists but a distinct Catalan title was not verified before extraction"", ""url_cartell"": ""page displays credited image but exposes no direct recoverable poster file URL"", ""url_reserva"": ""source marks inscription obligatoire and offers contacts/forms, but exposes no direct booking URL""}"
2026-09-11-cine-plein-air-dragons-argeles,Ciné plein air « Dragons »,fr,null,2026-09-11,vendredi,2026-09-11,21:00,null,Place Gambetta,"Place Gambetta, 66700 Argelès-sur-Mer",Argelès-sur-Mer / Argelers,Rosselló,Rosselló,cinema,null,"Ciné plein air « Dragons »
Film d’aventure fantastique, déconseillé aux moins de 10 ans.
La projection sera suivie d’un spectacle de combat à l’épée et de mime médiéval, proposé par la Cie Rôle.",fr,https://www.argeles-sur-mer.com/app/uploads/argeles-v2/2026/08/Depliant-Les-Medievales-2026-web.pdf,Ville d’Argelès-sur-Mer / Association des commerçants d’Argelès Village,null,null,https://www.argeles-sur-mer.com/agenda/les-medievales/,2026-08-07 — official programme-PDF creation/modification metadata,2026-08-19,"Vendredi 11 septembre
21h00 - Ciné plein air « Dragons »
Place Gambetta

Film d’aventure fantastique, déconseillé aux moins de 10 ans
La projection sera suivie d’un spectacle de combat à l’épée et de mime médiéval, proposé par la Cie Rôle.","The official City-linked Médiévales article confirms the 2026 programme and links its two-page leaflet https://www.argeles-sur-mer.com/app/uploads/argeles-v2/2026/08/Depliant-Les-Medievales-2026-web.pdf. PDF metadata is dated 2026-08-07 and its page 1 explicitly gives Friday 11 September, 21:00, Place Gambetta and the Dragons screening. The official summary frames the main Médiévales as 12–13 September, so this separately dated Friday prelude is modelled as its own session. Sources accessed 2026-08-19.","confirmat — liveness checked 2026-08-19: official City/Tourism Médiévales article and current 2026 PDF remain live; French/Catalan cancellation, postponement, closure and date-change queries returned no cinema-session status exception.",A,2026-09-11-argeles-cine-plein-air-dragons,"{""hora_fi"": ""official programme publishes a 21:00 start but no end time"", ""llengua_esdeveniment"": ""official programme does not state screening or activity language(s)"", ""nom_altra_llengua"": ""no sourced published Catalan event-title version recovered"", ""poster_format"": ""url_cartell is the official two-page 2026 programme PDF containing the visual leaflet, not a standalone image file"", ""preu"": ""official programme publishes no cinema-session admission price"", ""url_reserva"": ""official programme publishes no booking URL""}"
2026-09-12-atelier-confection-huiles-sainte-leocadie,Atelier Confection d'huiles,fr,null,2026-09-12,samedi,2026-09-12,14:30,null,Musée de Cerdagne - Ferme Cal Mateu,"1 Avenue Cal Mateu, 66800 Sainte-Léocadie",Sainte-Léocadie,Alta Cerdanya,Cerdanya,workshop,null,Samedi 12 : Atelier Confection d'huiles avec des végétaux du jardin 14h30 - Tout public,fr,null,Musée de Cerdagne - Ferme Cal Mateu,Tarif plein 12 €; tarif réduit 10 €; tarif enfant 6 €,null,https://www.calameo.com/read/007004164e493bf285c3c,2026-02-21,2026-08-19,Samedi 12 : Atelier Confection d'huiles avec des végétaux du jardin 14h30 - Tout public,"The organiser-issued `Dépliant Musée De Cerdagne 2026`, published by Musée de Cerdagne on 2026-02-21 at https://www.calameo.com/read/007004164e493bf285c3c, prints the exact 12 September workshop title and 14:30 time on page 14. Its 2026 practical-information page provides the standard Atelier tariff table (12 € full, 10 € young, 6 € child) and states that reservations are imperative for limited workshop places; no online booking URL is published. Accessed 2026-08-19.","confirmat — liveness checked 2026-08-19: the 2026 organiser programme remains publicly available and targeted annulé/reported searches returned no cancellation, postponement, relocation or sold-out notice. Required later re-check applies.",A,2026-09-12-sainte-leocadie-atelier-confection-huiles,"{""hora_fi"": ""organiser programme prints only the 14:30 start time"", ""llengua_esdeveniment"": ""sources are French but do not explicitly declare the workshop-language field"", ""nom_altra_llengua"": ""no sourced published Catalan title version found"", ""session_address_source"": ""organiser programme identifies the museum but does not repeat its street address; the address is corroborated by current official museum event pages, not inferred"", ""url_cartell"": ""no direct dated session poster found on the organiser programme, official event corpus, or retrieved official social sources"", ""url_reserva"": ""2026 programme says workshop reservation is imperative but exposes no online booking URL""}"
2026-09-12-ateliers-reparations-maureillas,Ateliers réparations chaque 2ème samedi du mois,fr,null,2026-09-12,samedi,2026-10-10,14:00,17:00,Espace Catalunya,null,Maureillas-las-Illas,Vallespir,Vallespir,other,null,"La recyclerie du Vallespir propose de réparer vos objets cassés ou en panne avec l'aide de bénévoles. Chaque 2ème samedi du mois de 14h à 17h, à l'espace Catalunya.",fr,null,La Recyclerie du Vallespir,null,null,https://www.maureillaslasillas.fr/agenda/504820?start_date=2026-09-12&end_date=2026-09-12,null — municipality-published detail exposes no publication/update date,2026-08-19,"TOUTES LES DATES
Le sam. 12 sept.
Le sam. 10 oct.

Chaque 2 ème samedi du mois de 14h à 17h, à l’espace Catalunya.

La recyclerie du Vallespir propose de réparer vos objets cassés ou en panne avec l’aide de bénévoles.","Current municipal-hosted detail explicitly lists 12 September and 10 October 2026, the second-Saturday recurrence, 14:00–17:00, Espace Catalunya and La Recyclerie du Vallespir. The official agenda’s November page contains no later repair date, so no unsupported November occurrence is inferred. Sources accessed 2026-08-19.","confirmat — liveness checked 2026-08-19: current municipal-hosted 2026 detail remains live and French/Catalan cancellation searches returned no cancellation, postponement, relocation or status exception.",A,2026-09-12-maureillas-ateliers-reparations,"{""adreca"": ""source names Espace Catalunya but provides no street address"", ""data_publicacio_font"": ""municipality-published detail exposes no publication/update date"", ""llengua_esdeveniment"": ""source does not declare activity-language information"", ""nom_altra_llengua"": ""no published Catalan title version recovered"", ""preu"": ""source provides no tariff statement"", ""recurrence_modelling"": ""one row records only the two explicitly listed target-window second-Saturday sessions"", ""url_cartell"": ""no direct dated poster or event image was exposed"", ""url_reserva"": ""source provides no booking URL""}"
2026-09-12-centenari-fets-prats-mollo-casa-macia,"Centenari dels Fets de Prats de Molló — Jurament, homenatge i concert Goulamas’k",ca,null,2026-09-12,dissabte,2026-09-12,18:00,null,Casa Macià (Vil·la Denise),"La Boixeda, 66230 Prats de Molló",Prats-de-Mollo-la-Preste,Vallespir,Vallespir,other,ca,"18:00 Jurament de les Constitucions Catalanes. Acte de jurament simbòlic proposat al públic que vindrà a la Casa Macià aquell dia.

18:30 Homenatge als 5 batlles i batllessa de Catalunya Nord que van defensar als tribunals l’ús del català en els plens municipals.

21:00 Concert del grup occitano-català Goulamas’k.

Entrada gratuïta. Hi haurà servei de menjar i beure",ca,null,Casa Macià; Ajuntament de Prats de Molló; ANC; Consell de la República,Gratuït,null,https://www.casamacia.cat/programa-centenari-fets-prats-mollo/,2026-04-22,2026-08-19,"Dissabte 12
Casa Macià, Prats de Molló
18:00 Jurament de les Constitucions Catalanes.
18:30 Homenatge als 5 batlles i batllessa de Catalunya Nord
21:00 Concert del grup occitano-català Goulamas’k
Entrada gratuïta. Hi haurà servei de menjar i beure","The organiser’s public Catalan `Programa del Centenari dels Fets de Prats de Molló`, posted 2026-04-22 at https://www.casamacia.cat/programa-centenari-fets-prats-mollo/, explicitly gives the 12 September Casa Macià schedule, named organisers and free entry. The Casa Macià official Instagram search result independently displays a 2026 poster reading `GOULAMAS'K PRATS DE MOLLO - CASA MACIA 12 DE SETEMBRE DE 2026 21H GRATUÏT`. Sources accessed 2026-08-19.","confirmat — liveness checked 2026-08-19: the current organiser programme remains published and targeted anul·lat/ajornat/cancel·lació searches returned no cancellation, postponement, relocation or sold-out notice. Required later recheck applies.",A,2026-09-12-prats-mollo-centenari-fets,"{""category_precision"": ""the date combines a symbolic oath, civic homage and concert; it is retained as other rather than falsely representing the full programme as a music-only event"", ""hora_fi"": ""the programme has multiple sequential elements and does not publish a final end time"", ""nom_altra_llengua"": ""no sourced published French alternative title was found"", ""url_cartell"": ""a 2026 poster is discoverable in the official Instagram result but no direct original asset URL was publicly exposed; no page URL is substituted as a direct asset"", ""url_reserva"": ""programme does not expose a booking route for the free commemorative programme""}"
2026-09-12-esperanza-mardochi-saint-laurent-cerdans,Projection Esperanza (D. Bravo) et Mardochi (L. Gloppe),fr,null,2026-09-12,samedi,2026-09-12,18:00,20:00,Cinéma Saint-Laurent-de-Cerdans,null,Saint-Laurent-de-Cerdans,Vallespir,Vallespir,cinema,null,Carte Blanche reprend du service!... En septembre nous allons suivre deux voyages avec « Esperanza » un documentaire de David Bravo et « Mardochi » une fiction de Lucas Gloppe. Nous commençons cette saison avec un programme court de 45mn.,fr,null,Carte Blanche en Haut-Vallespir (association context; exact session page does not display an organiser field),Gratuit,null,https://www.lepetitagenda.com/evenements/fete-de-la-musique/projection-esperanza-dbravo-et-mardochi-lgloppe-2443486/,null — current detail exposes no publication/update date,2026-08-19,"12 Sep 2026
18h00
Cinéma Saint-Laurent-de-Cerdans
Saint-Laurent-de-Cerdans
Projection
Gratuit

Samedi 12 à 18h au cinéma de Saint Laurent de Cerdans","The current detailed event page explicitly gives 12 September 2026, 18:00–20:00, free entry, Cinema Saint-Laurent-de-Cerdans and the named Esperanza/Mardochi programme. It supplies the same cross-town September Carte Blanche schedule as the Arles event record. A separate generic `Projection Carte Blanche` local-calendar card has the identical date/time/venue; it is treated as the generic duplicate of this more specific programme and is excluded. The municipality-linked IntraMuros 2026 Carte Blanche anniversary page independently identifies the association as `Carte Blanche en Haut-Vallespir`, though it covers the June festival rather than this September session. Sources accessed 2026-08-19.","confirmat amb limitació — liveness checked 2026-08-19: the current specific 2026 detail remains live and targeted annulée/reportée/cancel·lat searches returned no cancellation, postponement, relocation or sold-out notice. Exact September organiser-post confirmation was not recovered; mandatory recheck.",B,2026-09-12-saint-laurent-esperanza-mardochi,"{""adreca"": ""source gives cinema venue but no street address"", ""data_publicacio_font"": ""current detail exposes no publication/update date"", ""deduplication"": ""generic same-time `Projection Carte Blanche` local-calendar card is excluded in favour of this specific two-film programme"", ""llengua_esdeveniment"": ""source does not explicitly declare screening-language or subtitle information"", ""nom_altra_llengua"": ""no published Catalan title version recovered"", ""organiser_precision"": ""organiser is supported by the related 2026 municipality-linked Carte Blanche festival page, not explicitly displayed on the exact September session card"", ""url_cartell"": ""no direct dated poster or event image was exposed"", ""url_reserva"": ""current detail exposes no booking URL""}"
2026-09-12-forum-associations-saint-laurent-cerdans,Forum des Associations,fr,null,2026-09-12,samedi,2026-09-12,10:00,13:00,Place Gabriel Péri,null,Saint-Laurent-de-Cerdans,Vallespir,Vallespir,other,null,"Samedi 12 septembre : Forum des Associations
En matinée place Gabriel Pèri",fr,null,null,Gratuit,null,https://www.lepetitagenda.com/evenements/fete-de-la-musique/forum-des-associations-3328949/,null — current detail exposes no publication/update date,2026-08-19,"12 Sep 2026
10h00
Place Gabriel Péri Saint-Laurent-de-Cerdans
Saint-Laurent-de-Cerdans
Foire et salon
Gratuit

Samedi 12 septembre : Forum des Associations
En matinée place Gabriel Pèri","The current local-calendar detail explicitly gives 12 September 2026, 10:00–13:00, Place Gabriel Péri, free entry and its morning-format description. The official tourism-office post published 2026-06-02 confirms a 2026 June–December village programme, but its exact date image was inaccessible. Sources accessed 2026-08-19.","confirmat amb limitació — liveness checked 2026-08-19: the current 2026 event detail remains live and targeted annulée/reportée/cancel·lat searches returned no cancellation, postponement, relocation or sold-out notice. Direct municipal/association organiser confirmation was not recovered; mandatory recheck.",B,2026-09-12-saint-laurent-forum-associations,"{""adreca"": ""source gives Place Gabriel Péri but no street address"", ""data_publicacio_font"": ""current detail exposes no publication/update date"", ""llengua_esdeveniment"": ""source does not declare event-language information"", ""nom_altra_llengua"": ""no published Catalan title version recovered"", ""organitzador"": ""current detail does not identify an organiser"", ""url_cartell"": ""no direct dated poster or event image was exposed"", ""url_reserva"": ""current detail exposes no booking URL""}"
2026-09-12-le-violoncelle-au-fil-des-temps-montbolo,LE VIOLONCELLE AU FIL DES TEMPS,fr,null,2026-09-12,samedi,2026-09-12,18:00,19:00,Église de Sant Andreu de Montboló,"Rue de l'Église, Montboló",Montboló / Montbolo,Vallespir,Vallespir,music,null,"Avec ce programme autour des œuvres écrites pour le violoncelle seul, Guillem Gironès, présente ici un voyage à travers quatre siècles de musique allant de la fin du XVIIe siècle à l’actualité. Le violoncelle fait apparition en Italie comme descendant de la basse de violon, de plus grande taille, pour permettre à cet instrument un rôle soliste. Ainsi Domenico Gabrielli, a été le premier à le faire sortir de son rôle d’accompagnateur avec son recueil de Ricercari. C’est en France que finalement à la fin du XVIIIe siècle, le violoncelle se positionne aux côtés du violon avec les premières œuvres virtuoses, notamment les Caprici de Joseph Dall’Abaco. À leur tour, les frères Duport fondent la base de ce qui sera l’école du Violoncelle tel que nous le connaissons aujourd’hui. Seulement un demi-siècle après, le violoncelle connaîtra son apogée avec Bernhard Romberg, sans doute le plus grand virtuose de tous les temps, ce qui déjà à l’époque lui valut une grande reconnaissance.

Il est difficile de parler de violoncelle sans citer Johann Sebastian Bach, qui nous a laissé 6 suites a solo qui constituent une des œuvres baroques les plus importantes pour cet instrument. Ainsi, cette Suite de danses sera accompagnée par une autre Suite de Gilles Colliard, écrite en 2020, qui s'inspire des pas de danses baroques en y mêlant son propre style contemporain. Dans la même lignée s’inscrit la suite d’Enric Casals en hommage à son frère Pau, qui clôturera le concert.",fr,null,Festival Vallespir Barroc / BARROC.CAT,"Plein tarif 15,00 €; demandeur d'emploi ou étudiant majeur 10,00 €; conjoint du spectateur principal 12,00 €; moins de 18 ans, bénévole, invité gratuit; adhérent 10,00 €; à partir du deuxième concert 12,00 € sous condition publiée.",https://barroc-cat.assoconnect.com/collect/description/729231-r-concert-guillem-girones,https://www.vallespirbarroc.fr/copie-de-copie-de-la-fenice-avenire,null,2026-08-19,"Samedi 12 septembre 2026 à 18h
Église de Sant Andreu de Montboló (Rue de l'Église, Montboló)","Organiser: Festival Vallespir Barroc, Édition 2026 page (page shows no publication date), accessed 2026-08-19. Independent municipal confirmation: Amélie-les-Bains post published 2026-08-11 stating 'Retrouvez toutes les informations et le programme complet sur le site de l’édition 2026 du Festival Vallespir Barroc'.","confirmat — liveness checked 2026-08-19: organiser event page and active BARROC.CAT booking route show no annulé, reporté, complet or déplacé notice; sales published through 2026-09-13.",A,2026-09-12-montbolo-le-violoncelle-au,"{""data_publicacio_font"": ""organiser event page shows no publication or last-update date"", ""llengua_esdeveniment"": ""source does not state the language in which the performance is held"", ""nom_altra_llengua"": ""no sourced published Catalan translation"", ""url_cartell"": ""no dated event-specific poster on organiser page, municipal announcement or booking page; the organiser page image is an artist photograph rather than a dated event poster""}"
2026-09-12-livres-editeurs-fete-ceret,"Céret, Livres et Éditeurs en Fête : le livre fait son cinéma",fr,null,2026-09-12,samedi,2026-09-13,null,null,Salle de l'Union; Boulevards de Céret,null,Céret,Vallespir,Vallespir,cinema,null,"Les 12 et 13 septembre 2026, Céret accueille « Céret, Livres et Éditeurs en Fête », organisé par les Amis de la Librairie Le Cheval dans l’Arbre, sur le thème « Le Livre fait son cinéma ». Projection du Procès d’Orson Welles, éditeurs et auteurs, rencontres, animations et conférence de Jean-Philippe Trias.",fr,null,Les Amis de la Librairie Le Cheval dans l'Arbre,null,null,https://www.ceret.fr/agenda/47343/11511-ceret-livres-et-editeurs-en-fete-le-livre-fait-son-cinema.htm?periode=500435,null — official municipal detail exposes no publication/update date,2026-08-19,"Du Samedi 12 au Dimanche 13 septembre 2026

Les 12 et 13 septembre 2026, Céret accueille « Céret, Livres et Éditeurs en Fête », organisé par les Amis de la Librairie Le Cheval dans l’Arbre, sur le thème « Le Livre fait son cinéma ».","Current official Ville de Céret detail explicitly gives the 12–13 September 2026 range, named organiser and partners Institut Jean Vigo/Cinétoiles, 12 September 18:00 cinema screening and 13 September 09:00–17:00 boulevard programme. The official monthly PDF independently gives the two-day title and programme. Sources accessed 2026-08-19.","confirmat — liveness checked 2026-08-19: the current official municipal detail and monthly programme remain live; no cancellation, postponement, relocation or status exception surfaced in searches of the exact event and organiser terms.",A,2026-09-12-ceret-livres-editeurs,"{""adreca"": ""official page names venues but no street addresses"", ""data_publicacio_font"": ""official detail exposes no publication/update date"", ""festival_modelling"": ""one range row represents the festival; its film/author sessions are not duplicated"", ""hora_fi"": ""two-day festival has distinct published sessions; no single festival closing time is modelled"", ""hora_inici"": ""two-day festival has distinct published sessions; no single festival opening time is modelled"", ""llengua_esdeveniment"": ""sources do not declare a single programme-language field"", ""nom_altra_llengua"": ""no published Catalan title version recovered"", ""preu"": ""official sources do not state a general festival entry price"", ""url_cartell"": ""official detail exposes an image area but no direct event-image URL was recovered"", ""url_reserva"": ""official detail exposes no booking URL""}"
2026-09-12-medievales-fantastiques-argeles,Les Médiévales « Fantastiques »,fr,null,2026-09-12,samedi,2026-09-13,10:00,18:00,Village / centre-ville d’Argelès-sur-Mer,"Centre-ville, 66700 Argelès-sur-Mer",Argelès-sur-Mer / Argelers,Rosselló,Rosselló,heritage & tradition,null,"Pendant deux jours, le centre-ville d’Argelès-sur-Mer se transformera en une véritable cité médiévale. Les rues, places et monuments accueilleront troubadours, forgerons, danseurs et artisans d’époque, pour faire revivre l’histoire à travers des activités ludiques et éducatives.",fr,https://www.argeles-sur-mer.com/app/uploads/argeles-v2/2026/08/Depliant-Les-Medievales-2026-web.pdf,Ville d’Argelès-sur-Mer / Association des commerçants d’Argelès Village,null,null,https://www.argeles-sur-mer.com/agenda/les-medievales/,2026-08-07 — official programme-PDF creation/modification metadata,2026-08-19,"Les Médiévales à Argelès-sur-Mer
12 et 13 septembre 2026

Samedi 12 et dimanche 13 septembre de 10h à 18h

La municipalité et l’association des commerçants d’Argelès-sur-Mer ont ouvert les portes d’Argelès la médiévale, au temps des Vikings !","The official Argelès-sur-Mer Tourism article explicitly says 12–13 September 2026, names the City/Argelès Village merchants association partnership and links the official programme leaflet https://www.argeles-sur-mer.com/app/uploads/argeles-v2/2026/08/Depliant-Les-Medievales-2026-web.pdf. The leaflet PDF’s 2026-08-07 metadata and page 2 independently confirm 12–13 September, 10:00–18:00, the village-centre sites and Viking theme. Sources accessed 2026-08-19.","confirmat — liveness checked 2026-08-19: official City/Tourism article and programme leaflet remain live; French/Catalan cancellation, postponement, closure and date-change queries returned no festival-wide status exception.",A,2026-09-12-argeles-medievales-fantastiques,"{""festival_session_rule"": ""main festival range is 12–13 September; separately dated 11 September cinema prelude is independently recorded rather than silently extending the festival range"", ""llengua_esdeveniment"": ""official programme does not state event language(s)"", ""nom_altra_llengua"": ""no sourced published Catalan event-title version recovered"", ""poster_format"": ""url_cartell is the official two-page 2026 programme PDF containing the visual leaflet, not a standalone image file"", ""preu"": ""official article/leaflet publishes no general admission price"", ""url_reserva"": ""official article/leaflet publishes no event-wide booking URL""}"
2026-09-12-oceanman-banyuls,OCEANMAN 2026,fr,null,2026-09-12,samedi,2026-09-13,null,null,Front de Mer Paul Reig,"Front de Mer Paul Reig, 66650 Banyuls-sur-Mer",Banyuls-sur-Mer / Banyuls de la Marenda,Rosselló,Rosselló,sport,null,"Cette année encore, Banyuls-sur-Mer accueille OceanMan, événement mondial de natation en eau libre, les 12 et 13 septembre 2026.
L’OceanMan pose ses valises à Banyuls-sur-Mer pour une 2ème édition exceptionnelle, la seule en France. Des centaines de nageurs amateurs passionnés s’élanceront depuis notre plage pour affronter la Méditerranée, dans une ambiance où sport, dépassement de soi et beauté du littoral ne font qu’un. Un événement international reconnu, qui traverse les continents…et qui fera halte à nouveau chez nous en septembre !",fr,null,Oceanman,null,https://oceanmanswim.com/banyuls-france/,https://www.banyuls-sur-mer.com/offres/oceanman-2026-banyuls-sur-mer-fr-6715885/,null — official tourism page shows no publication/update date,2026-08-19,"Du 12 septembre 2026 au 13 septembre 2026

Cette année encore, Banyuls-sur-Mer accueille OceanMan, événement mondial de natation en eau libre, les 12 et 13 septembre 2026.

Avenue de la République, Banyuls-sur-Mer","The current official Banyuls Tourism event detail confirms the 12–13 September 2026 range and links the organiser. Oceanman’s current organiser page independently confirms the 2026 Banyuls festival, Front de Mer Paul Reig start/finish area, and a dated programme, including 12 September activities and 13 September 10:00 OCEANMAN start. Sources accessed 2026-08-19.",confirmat — liveness checked 2026-08-19: local official tourism and Oceanman organiser pages remain live with active 2026 programme; French/Catalan cancellation and postponement queries returned no festival-wide status exception.,A,2026-09-12-banyuls-oceanman,"{""data_publicacio_font"": ""official tourism page shows no publication/update date"", ""hora_fi"": ""two-day festival has different scheduled activities; no single festival-wide end time is used"", ""hora_inici"": ""two-day festival has different scheduled activities; no single festival-wide start time is published"", ""llengua_esdeveniment"": ""source does not state event language(s)"", ""nom_altra_llengua"": ""no sourced published Catalan event-title version recovered"", ""organiser_table_caveat"": ""organiser technical table has a single OCEANTEAMS 2025 typo; it is not used because the overall 2026 programme and local official listing agree on 12–13 September 2026"", ""preu"": ""local official event page publishes no tariff; organiser page should be consulted for individual registration products"", ""url_cartell"": ""official page labels an Oceanman 2026 image but no recoverable direct poster URL was exposed""}"
2026-09-12-vide-grenier-ille-sur-tet,Vide grenier,fr,null,2026-09-12,samedi,2026-09-12,08:00,16:00,Parking du Foirail et Place de la République,"Avenue Pasteur, 66130 Ille-sur-Têt",Ille-sur-Têt / Illa,Rosselló,Rosselló,market/fair,null,"📢 Vide-grenier à Ille-sur-Tet 🛍️

Envie de faire du tri, de vendre vos affaires ou tout simplement de chiner les bonnes affaires ?

Samedi 12 septembre 2026 de 8h à 16h,  Foirail & Place de la République

400 places disponibles !

Exposants : l’inscription est GRATUITE !

✍️ Inscriptions au CCAS tous les jours à compter du lundi 3 août 2026 de 9h à 12h et de 13h à 16h.

On vous attend nombreux pour cette belle journée de chine et de bonnes affaires !",fr,null,CCAS,null,null,https://www.ille-sur-tet.com/agenda/vide-grenier-3/,null — municipal page shows no publication/update date,2026-08-19,"Samedi 12 septembre 2026 de 8h à 16h, Foirail & Place de la République

400 places disponibles !

Exposants : l’inscription est GRATUITE !

Lieu
Parking du Foirail
Avenue Pasteur, 66130 Ille-sur-Têt

Organisateur
CCAS","Current municipal event detail explicitly confirms Saturday 12 September 2026, 08:00–16:00, the Foirail/Place de la République location, Avenue Pasteur and CCAS organiser. Official Roussillon-Conflent Tourism independently mirrors the 12 September 2026 date/time/venue/400-place facts at https://www.tourisme-roussillon-conflent.fr/destinations/fetes-et-manifestations/vide-grenier-11/. Sources accessed 2026-08-19.",confirmat — liveness checked 2026-08-19: current municipal and official tourism details remain live; French/Catalan cancellation and postponement searches returned no exact 12 September event-specific status exception. A separate unverified 13 September cancellation result was not treated as this municipal 12 September event.,A,2026-09-12-ille-sur-tet-vide-grenier,"{""data_publicacio_font"": ""municipal page shows no publication/update date"", ""llengua_esdeveniment"": ""source does not state event language(s)"", ""nom_altra_llengua"": ""no sourced published Catalan event-title version recovered"", ""preu"": ""municipal source states only that exhibitor registration is free, not visitor admission tariff"", ""url_cartell"": ""municipal page calls its image an `Affiche` but no recoverable direct dated poster URL was exposed"", ""url_reserva"": ""registration instruction is CCAS in-person, with no online booking URL""}"
2026-09-13-ensemble-lyra-arles-sur-tech,Concert — Ensemble baroque LYRA,fr,null,2026-09-13,dimanche,2026-09-13,17:00,18:30,Salle de la Crypte — Abbaye Sainte-Marie,"Voie Communale Valls Jean Baptiste Barja, 66150 Arles-sur-Tech",Arles-sur-Tech,Vallespir,Vallespir,music,null,Concert exceptionnel de l’ensemble baroque LYRA en collaboration avec les Amis d’Alain Marinaro à la Salle de la Crypte.,fr,https://cdt66.media.tourinsoft.eu/upload/concert-orgue-8.jpeg,"Les Amis de l'Orgue, en collaboration avec les Amis d'Alain Marinaro",Participation libre,null,https://www.intramuros.org/arles-sur-tech/agenda/843483,2026-07-11 — DataTourisme/Infolocale announcement update date,2026-08-19,"Concert exceptionnel de l’ensemble baroque LYRA

en collaboration avec les Amis d’Alain Marinaro

organisé par ""Les Amis de l’Orgue""

Le dim. 13 sept.
à 17h
Participation libre","The municipality-linked IntraMuros page at https://www.intramuros.org/arles-sur-tech/agenda/843483 gives 13 September, 17:00, Abbaye Sainte-Marie, participation libre and organiser. The official departmental tourism page https://www.tourism-mediterraneanpyrenees.com/concert/arles-sur-tech/fmalar066v52vc1u-0 confirms 13 September, Salle de la Crypte, address and free entry. DataTourisme/Infolocale’s current detail at https://www.infolocale.fr/evenements/evenement-arles-sur-tech-concert-spectacle-musical-concert-2009130153 confirms 17:00–18:30 and says it was announced by BIT de Arles sur Tech, updated 2026-07-11. Sources accessed 2026-08-19.","confirmat — liveness checked 2026-08-19: municipality-linked, official tourism and current DataTourisme layers agree on the date/venue; targeted annulé searches found no cancellation, postponement, relocation or sold-out notice.",A,2026-09-13-arles-tech-ensemble-lyra,"{""asset_type"": ""direct departmental tourism promotional image `concert-orgue-8.jpeg`, recorded as event-associated asset rather than explicitly labelled poster"", ""llengua_esdeveniment"": ""sources do not explicitly declare the concert-language field"", ""nom_altra_llengua"": ""no sourced published Catalan title version found"", ""url_reserva"": ""current sources expose no booking URL""}"
2026-09-16-ecofestivarles-arles-sur-tech,16ème Ecofestiv'Arles et marché des producteurs au Moulin des Arts et espace du GECO,fr,null,2026-09-16,mercredi,2026-09-20,null,null,Moulin des Arts et de l'Artisanat et espace du GECO,"Rue du 14 Juillet, Arles-sur-Tech",Arles-sur-Tech,Vallespir,Vallespir,other,null,"La 16ème édition de l'Ecofestiv'Arles, un festival environnemental et multidisciplinaire, met en avant le patrimoine naturel avec un marché des producteurs, des ateliers, des conférences et des animations musicales. L'événement inclut une journée éco-citoyenne pour le World Cleanup Day, axée sur le nettoyage des berges.",fr,https://66.agendaculturel.fr/media/ecKokPUZdmDjOE2ov69VJw/storage/2026/6a6d9fab7dd83.webp/f=auto,null,Gratuit,null,https://66.agendaculturel.fr/festival/16eme-ecofestiv-arles-et-marche-des-producteurs-au-moulin-de.html,null — current 2026 cultural-agenda page exposes no publication/update date,2026-08-19,"16ème Ecofestiv'Arles, festival multidisciplinaire à Arles-sur-Tech du 16 au 20 septembre 2026

La 16ème édition de l'Ecofestiv'Arles se tient ... du mercredi 16 au dimanche 20 septembre 2026.

Le dimanche 20 septembre ... Moulin Des Arts Et De L'Artisanat (Rue Du 14 Juillet), Arles-sur-Tech

Gratuit","The current 2026 Agenda Culturel detail at https://66.agendaculturel.fr/festival/16eme-ecofestiv-arles-et-marche-des-producteurs-au-moulin-de.html explicitly announces the 16th Ecofestiv’Arles from 16 to 20 September 2026, describes its environmental/multidisciplinary programme and names the Moulin des Arts / espace du GECO setting. The current local-calendar page https://www.lepetitagenda.com/evenements/fete-de-la-musique/eco-festiarles-et-son-marche-des-producteurs independently lists the 20 September 10:00–17:00 free market session in Arles-sur-Tech, which is retained as a component of this festival range rather than duplicated as a second row. Sources accessed 2026-08-19.","confirmat amb limitació — liveness checked 2026-08-19: current 2026 cultural-agenda and local-calendar pages are live and targeted annulé/cancelled searches returned no cancellation, postponement, relocation or sold-out notice. A current organiser-issued 2026 programme or municipal announcement was not recovered; mandatory recheck required.",B,2026-09-16-arles-tech-ecofestivarles,"{""asset_type"": ""direct current Agenda Culturel 2026 event-associated webp image; no assertion that it is an official organiser-issued poster"", ""component_modelling"": ""the 20 September market is treated as a session within the 16–20 September festival range and is not duplicated"", ""data_publicacio_font"": ""current cultural-agenda detail exposes no publication/update date"", ""hora_fi"": ""festival range has no single published end time; only its 20 September component has 10:00–17:00"", ""hora_inici"": ""festival range has no single published opening time; only its 20 September component has 10:00–17:00"", ""llengua_esdeveniment"": ""sources do not explicitly declare the event-language field"", ""nom_altra_llengua"": ""no sourced published Catalan title version found"", ""organitzador"": ""current event pages do not identify a named 2026 organiser; a 2023 press result is not carried forward"", ""url_reserva"": ""current event pages expose no booking URL""}"
2026-09-16-jeux-societe-ille-sur-tet,JEUX DE SOCIETE,fr,null,2026-09-16,mercredi,2026-09-16,15:00,17:00,Médiathèque d'Ille sur Têt,"5 Rue de l'Égalité, 66130 Ille-sur-Têt",Ille-sur-Têt / Illa,Rosselló,Rosselló,other,null,"Venez nombreux à la médiathèque d'Ille sur Têt pour partager un après midi autour des jeux de société.  
Tout Public.  
Gratuit.  
  
Le MERCREDI 16 SEPTEMBRE de 15h à 17h.",fr,null,null,gratuit,null,https://www.tourisme-roussillon-conflent.fr/destinations/fetes-et-manifestations/jeux-de-societe-3/,null — official tourism detail shows no publication/update date,2026-08-19,"Venez nombreux à la médiathèque d'Ille sur Têt pour partager un après midi autour des jeux de société.
Tout Public.
Gratuit.

Le MERCREDI 16 SEPTEMBRE de 15h à 17h.

5 rue de l'Egalité 66130 ILLE-SUR-TET","The official Roussillon-Conflent Tourism agenda card explicitly dates this distinct record 16/09/2026 at Ille-sur-Têt; the current detail specifies Wednesday 16 September, 15:00–17:00, 5 rue de l’Égalité and free admission. Source accessed 2026-08-19.",confirmat — liveness checked 2026-08-19: current official tourism agenda/detail remain live; French/Catalan cancellation and postponement searches returned no status exception.,B,2026-09-16-ille-sur-tet-jeux-societe,"{""data_publicacio_font"": ""official tourism detail shows no publication/update date"", ""llengua_esdeveniment"": ""source does not state activity language(s)"", ""nom_altra_llengua"": ""no sourced published Catalan event-title version recovered"", ""organitzador"": ""official tourism source lists a venue telephone but no organiser"", ""url_cartell"": ""no direct dated poster or event image was exposed"", ""url_reserva"": ""source provides no booking URL"", ""year_evidence"": ""detail states only weekday/month; its current official parent agenda card supplies the explicit 16/09/2026 year confirmation""}"
2026-09-16-projection-esperanza-mardochi-arles-sur-tech,Projection Esperanza (D. Bravo) et Mardochi (L. Gloppe),fr,null,2026-09-16,mercredi,2026-09-16,18:00,20:00,Maison de l'Action Sociale et des Associations (MASA),"32 Rue Barri D'Amont, Arles-sur-Tech",Arles-sur-Tech,Vallespir,Vallespir,cinema,null,"Carte Blanche reprend du service!... En septembre nous allons suivre deux voyages avec « Esperanza » un documentaire de David Bravo et « Mardochi » une fiction de Lucas Gloppe. Nous commençons cette saison avec un programme court de 45mn. Deux itinéraires, deux personnages: l’un qui est parti s’établir au Mexique pour y fonder une société de distribution cinématographique, l’autre en partance pour retrouver des racines familiales en Algérie.",fr,null,Carte Blanche (attribution inferred only from the source text; direct organiser confirmation pending),Gratuit,null,https://www.lepetitagenda.com/evenements/fete-de-la-musique/projection-esperanza-dbravo-et-mardochi-lgloppe-9053326/,null — current event page exposes no publication/update date,2026-08-19,"16 Sep 2026
18h00
Maison de l’Action Sociale et des Associations Arles-sur-Tech MASA
Arles-sur-Tech, Pyrénées-Orientales
Projection
Gratuit

Séances
- Mercredi 16 à 18h à la MASA d’Arles sur Tech","The current local-calendar detail at https://www.lepetitagenda.com/evenements/fete-de-la-musique/projection-esperanza-dbravo-et-mardochi-lgloppe-9053326 explicitly gives 16 September 2026 at 18:00, free entry, MASA and a calendar end time of 20:00, as well as the named documentary/fiction programme and the cross-town September schedule. Exact-organiser and municipality/venue confirmation were not recovered. Sources accessed 2026-08-19.","confirmat amb limitació — liveness checked 2026-08-19: the current 2026 event detail remains live and targeted annulée/reportée organiser searches returned no cancellation, postponement, relocation or sold-out notice. No direct organiser or municipal event confirmation was found; mandatory recheck required.",B,2026-09-16-arles-tech-projection-esperanza,"{""data_publicacio_font"": ""current detail exposes no publication/update date"", ""llengua_esdeveniment"": ""source does not explicitly declare screening-language or subtitle information"", ""nom_altra_llengua"": ""no sourced published Catalan title version found"", ""organiser_primary_confirmation"": ""source text says `Carte Blanche reprend du service` but does not provide a verifiable named organiser detail; organiser field is explicitly provisional"", ""url_cartell"": ""no direct dated poster or event image was exposed"", ""url_reserva"": ""current local-calendar detail exposes no booking URL""}"
2026-09-18-courts-en-memoire-thuir,FESTIVAL COURTS CIRCUIT 66 — Séance de Projection #COURTS EN MÉMOIRE,fr,null,2026-09-18,vendredi,2026-09-18,18:00,null,Centre Hospitalier de Thuir,"Avenue du Roussillon, 66300 Thuir",Thuir / Tuïr,Rosselló,Rosselló,cinema,null,"Depuis sa création en 2020, l'association développe annuellement un festival estival dont la 7e édition se déroulera du 11 août au 20 septembre 2026.  
Pour la 6e édition, nous avons accueilli 9300 spectateur·ices sur 37 dates, dans 44 communes et lieux culturels des Pyrénées Orientales et communes espagnoles.  
Heure et lieu  
18 sept. 2026, 18:00  
Centre Hospitalier de Thuir, Av. du Roussillon, 66300 Thuir, France  
À propos de l'événement  
Séance de Projection #COURTS EN MÉMOIRE  
The rotary press, Iratxe Fresneda Espagne | 8' | 2024 | documentaire  
Les personnes disparaissent, tout comme les bâtiments qu’elles ont habités, les endroits où elles ont travaillé et connu le bonheur. Ces visages et ces existences ont un jour fait partie de la mémoire écrite, une mémoire vouée à disparaître elle aussi, car rien n’est éternel.",fr,null,Association Courts Circuit 66,gratuit,null,https://aspres-thuir.com/evenement/festival-courts-circuit-66-4/,null — official tourism page shows no publication/update date,2026-08-19,"Dates 18 septembre 2026 de 18:00

Centre Hospitalier de Thuir, Av. du Roussillon, 66300 Thuir, France

Séance de Projection #COURTS EN MÉMOIRE

Entrée libre et gratuite
Restauration sur place","The current official Aspres-Thuir Tourism page explicitly confirms the 18 September 2026 18:00 Thuir session, programme, venue, free entry and Courts Circuit 66 organiser web/contact. The official departmental tourism page independently confirms the same facts: https://www.tourisme-pyreneesorientales.com/agenda/festival-courts-circuit-66-thuir-fr-6656108/. Sources accessed 2026-08-19.","confirmat — liveness checked 2026-08-19: current official tourism details remain live and French/Catalan cancellation, postponement and relocation queries returned no status exception.",B,2026-09-18-thuir-courts-circuit-memoire,"{""data_publicacio_font"": ""official tourism page shows no publication/update date"", ""hora_fi"": ""official pages publish start time only"", ""llengua_esdeveniment"": ""programme contains multilingual film material but does not declare screening-language information"", ""nom_altra_llengua"": ""no sourced published Catalan event-title version recovered"", ""url_cartell"": ""official tourism entries expose source images but no direct dated Thuir-session poster URL was recoverable"", ""url_reserva"": ""free session has no booking URL published""}"
2026-09-18-la-tartaruca-paalada,LA TARTARUCA,fr,null,2026-09-18,vendredi,2026-09-18,18:00,19:00,Église de Saint Martin de Palaldà,"Place de la Nation, Amélie-les-Bains, Palalda","Palaldà / Palalda, Amélie-les-Bains-Palalda",Vallespir,Vallespir,music,null,"ORFEO FUTURO est un ensemble à géométrie variable, allant du quatuor à l’orchestre, qui réunit depuis 2010 des musiciens italiens et internationaux spécialisés dans l’interprétation sur instruments historiques.  
L’ensemble développe des projets originaux et ambitieux, mêlant parfois répertoires anciens et musique contemporaine. Il a donné des centaines de concerts et enregistré de nombreux disques, souvent en collaboration avec d’autres artistes et ensembles.

Parmi ses productions récentes figurent L’Eredità di Arcangelo, dirigé par Enrico Gatti, Amada Esquina, qui croise les musiques du Siècle d’Or espagnol avec la chanson latino-américaine du début du XXe siècle, ainsi que Insight Lucrezia, un opéra de chambre avec Nunzia Antonino, sur un texte original d’Antonella Cilento et des musiques électroniques de Gianvincenzo Cresta.

Ensemble d’instruments historiques, ORFEO FUTURO a fait ses débuts en 2019 à la Biennale Musica de Venise avec l’ensemble vocal Spirito di Lione et a également collaboré avec MusicaTreize de Marseille pour le projet Il Tempo della Voce, mêlant musiques anciennes et créations contemporaines.  
L’ensemble collabore régulièrement avec le festival Anima Mea, organisé chaque année à Bari et dans d’autres villes des Pouilles.",fr,null,Festival Vallespir Barroc / BARROC.CAT,"Plein tarif 15,00 €; conjoint du spectateur principal 12,00 €; à partir du deuxième concert 12,00 € sous condition publiée; adhérent 10,00 €; moins de 18 ans, bénévoles et invités gratuit; étudiant majeur ou demandeur d'emploi 10,00 €.",https://barroc-cat.assoconnect.com/collect/description/729232-r-concert-ensemble-orfeo-futuro,https://www.vallespirbarroc.fr/copie-de-ensemble-orfeo-futuro,null,2026-08-19,"Vendredi 18 septembre 2026 à 18h -
Église de Saint Martin de Palaldà (Place de la Nation, Amélie-les-Bains, Palalda)","Organiser: Festival Vallespir Barroc, Édition 2026 page (page shows no publication date), accessed 2026-08-19. Independent municipal confirmation: Amélie-les-Bains post published 2026-08-11 stating 'Retrouvez toutes les informations et le programme complet sur le site de l’édition 2026 du Festival Vallespir Barroc'.","confirmat — liveness checked 2026-08-19: organiser event page and active BARROC.CAT booking route show no annulé, reporté, complet or déplacé notice; the published sales period remains open.",A,2026-09-18-paalada-la-tartaruca,"{""data_publicacio_font"": ""organiser event page shows no publication or last-update date"", ""llengua_esdeveniment"": ""source does not state the language in which the performance is held"", ""nom_altra_llengua"": ""no sourced published Catalan translation"", ""url_cartell"": ""no dated event-specific poster on organiser page, municipal announcement or booking page; the organiser page image is an ensemble photograph rather than a dated event poster""}"
2026-09-18-saint-ferreol-ceret,Fête de la Saint Ferréol,fr,null,2026-09-18,vendredi,2026-09-18,06:00,11:30,Ermitage Saint Ferréol,null,Céret,Vallespir,Vallespir,heritage,null,"Fête de la Saint Ferréol, messes, sardanes. 6 heures : Messe de l’aube. 10h00 : Procession autour de l’ermitage et Grand-messe. 11h30 : Sardanes par la Principal Del Rossello et apéritif (offertes par la municipalité).",fr,null,null,Gratuit,null,https://www.ceret.fr/cms_viewFile.php?idtf=243684&path=9.pdf,null — official linked programme PDF exposes no distinct publication date,2026-08-19,"Vendredi 18 septembre
Céret – Ermitage Saint Ferréol
De 6h à 11h30 – Fête de la Saint Ferréol, messes, sardanes
6 heures : Messe de l’aube
10h00 : Procession autour de l’ermitage et Grand-messe
11h30 : Sardanes par la Principal Del Rossello et apéritif (offertes par la municipalité)
Plus d’informations : Gratuit","The current official municipal September 2026 programme PDF explicitly prints the Friday 18 September Saint-Ferréol timetable, site and free entry. A current-extraction liveness search found no cancellation/postponement/relocation notice. A Le Petit Agenda page with the same programme is explicitly excluded as a stale 18 September 2024 record, not used as 2026 evidence. Source accessed 2026-08-19.","confirmat — liveness checked 2026-08-19: current official municipal 2026 programme is live; targeted annulée/reportée searches returned no cancellation, postponement, relocation or closure notice. Mandatory recheck remains appropriate for this single-PDF-source event.",A,2026-09-18-ceret-saint-ferreol,"{""adreca"": ""official programme gives Ermitage Saint Ferréol but no street address"", ""data_publicacio_font"": ""official linked programme PDF exposes no distinct publication date"", ""llengua_esdeveniment"": ""source does not declare programme-language information"", ""nom_altra_llengua"": ""no published Catalan title version recovered"", ""organitzador"": ""official programme does not name a responsible organiser; municipal support for the apéritif is not organiser attribution"", ""stale_source_excluded"": ""a matching local-calendar URL prints 2024 and was not used as 2026 evidence"", ""url_cartell"": ""no direct dated poster or event image was recovered"", ""url_reserva"": ""official programme exposes no booking URL""}"
2026-09-19-atelier-barques-paulilles-portvendres,JOURNEES DU PATRIMOINE – ATELIER DES BARQUES (PAULILLES),fr,JORNADES DEL PATRIMONI – TALLER DE VAIXELLS (PAULILLES),2026-09-19,samedi,2026-09-20,10:00,17:00,"Atelier des Barques, Site de Paulilles","Site de Paulilles, RD 914, 66660 Port-Vendres",Port-Vendres / Portvendres,Rosselló,Rosselló,heritage & tradition,null,"Visites commentées à 10h, 11h30, 15h30 et 17h et exposition ""Carnets de chantier du pailebot Miguel Caldentey"" de 10h à 17h à l’Atelier des barques, sur le site classé de Paulilles. Entrée libre.",fr,null,null,gratuit,null,https://www.tourisme-pyrenees-mediterranee.com/agenda/journees-du-patrimoine-atelier-des-barques-paulilles/,null — official tourism page shows no publication/update date,2026-08-19,"Horaires d’ouverture du 19 septembre au 20 septembre 2026
Samedi : Ouvert de 10h à 17h
Dimanche : Ouvert de 10h à 17h

Visites commentées à 10h, 11h30, 15h30 et 17h ... Entrée libre.","The current official Pyrénées Méditerranée Tourism detail explicitly publishes the 19–20 September 2026 10:00–17:00 schedule, Paulilles RD914 address, free entry and distinct Barques programme. Its official Catalan JEP counterpart independently lists `TALLER DE VAIXELLS (PAULILLES)` for 19–20 September 2026. Sources accessed 2026-08-19.","confirmat — liveness checked 2026-08-19: current official French and Catalan JEP pages remain live; French/Catalan cancellation, postponement, closure and time-change queries returned no session-specific exception.",A,2026-09-19-portvendres-atelier-barques-paulilles,"{""data_publicacio_font"": ""official tourism page shows no publication/update date"", ""llengua_esdeveniment"": ""sources offer French/Catalan tourism presentation but do not state activity language(s)"", ""organitzador"": ""official page names participants/associations but does not explicitly identify a single organiser"", ""session_rule"": ""one two-day event row models the separately published workshop/exhibition programme; its four daily guided visits remain component times in description rather than duplicative rows"", ""url_cartell"": ""official page exposes photo content but no direct dated poster URL"", ""url_reserva"": ""free session source provides no reservation URL""}"
2026-09-19-atelier-decouvertes-paulilles-portvendres,JOURNEES DU PATRIMOINE – ATELIER DES DECOUVERTES (PAULILLES),fr,JORNADES DEL PATRIMONI – TALLER DE DESCOBERTA (PAULILLES),2026-09-19,samedi,2026-09-20,10:00,17:00,"Atelier des Découvertes, Site de Paulilles","Site de Paulilles, RD 914, 66660 Port-Vendres",Port-Vendres / Portvendres,Rosselló,Rosselló,heritage & tradition,null,"Exposition ""La Côte Vermeille, fa temps"" de 10 h à 17 h et projection ""La guerre des feux"" de 11h à 15h, sur le site classé de Paulilles. Entrée libre.",fr,null,null,gratuit,null,https://www.tourisme-pyrenees-mediterranee.com/agenda/journees-du-patrimoine-atelier-des-decouvertes-paulilles/,null — official tourism page shows no publication/update date,2026-08-19,"Horaires d’ouverture du 19 septembre au 20 septembre 2026
Samedi : Ouvert de 10h à 17h
Dimanche : Ouvert de 10h à 17h

Exposition ""La Côte Vermeille, fa temps"" de 10 h à 17 h et projection ""La guerre des feux"" de 11h à 15h ... Entrée libre.","The current official Pyrénées Méditerranée Tourism detail explicitly publishes the 19–20 September 2026 10:00–17:00 schedule, Paulilles RD914 address, free entry and distinct Découvertes programme. Its official Catalan JEP counterpart independently lists `TALLER DE DESCOBERTA (PAULILLES)` for 19–20 September 2026. Sources accessed 2026-08-19.","confirmat — liveness checked 2026-08-19: current official French and Catalan JEP pages remain live; French/Catalan cancellation, postponement, closure and time-change queries returned no session-specific exception.",A,2026-09-19-portvendres-atelier-decouvertes-paulilles,"{""data_publicacio_font"": ""official tourism page shows no publication/update date"", ""llengua_esdeveniment"": ""sources offer French/Catalan tourism presentation but do not state activity language(s)"", ""organitzador"": ""official page names content partners but does not explicitly identify a single organiser"", ""session_rule"": ""one two-day event row models the separately published workshop/exhibition/screening programme; individual film times are preserved in description rather than duplicated as rows"", ""url_cartell"": ""official page exposes photo content but no direct dated poster URL"", ""url_reserva"": ""free session source provides no reservation URL""}"
2026-09-19-fete-des-bulles-elne,Fête des Bulles,fr,null,2026-09-19,samedi,2026-09-19,11:00,17:00,Bulles de Carpe Elne,"Mas d'Avall, Elne",Elne,Rosselló,Rosselló,other,null,"Fête des Bulles

Elne
Bulles de Carpe
Fête des Bulles
samedi 19 septembre
à partir de 11h",fr,null,Bulles de Carpe,Gratuit,null,https://www.lepetitagenda.com/evenements/fete-de-la-musique/fete-des-bulles-6475959/,null — the current event page exposes no publication/update date; direct non-browser retrieval was blocked by a 403 response,2026-08-19,"19 Sep 2026
11h00
Bulles de Carpe Elne
Elne, Pyrénées-Orientales
Divers
Gratuit

Fête des Bulles

Elne
Bulles de Carpe
Fête des Bulles
samedi 19 septembre
à partir de 11h","The current local-calendar detail page explicitly gives 19 September 2026 at 11:00, Bulles de Carpe Elne, Mas d'Avall, free entry and calendar metadata from 11:00 to 17:00. The Bulles de Carpe association’s live website confirms the group is an Elne cultural association, but its posted atelier calendar is for 2025–2026 and does not itself announce this event. The listing is admitted as a current local-calendar source with this limitation disclosed. Sources accessed 2026-08-19.","confirmat amb limitació — liveness checked 2026-08-19: targeted annulée/reportée searches returned no cancellation, postponement, relocation or sold-out notice, and the current local-calendar page remains live. No current organiser-issued 2026 Fête des Bulles programme was found; recheck against Bulles de Carpe nearer the date is mandatory.",B,2026-09-19-elne-fete-bulles,"{""data_publicacio_font"": ""the current event detail provides no visible publication/update timestamp; direct shell metadata retrieval was blocked with HTTP 403"", ""llengua_esdeveniment"": ""source does not explicitly declare the event-language field"", ""nom_altra_llengua"": ""no sourced published Catalan title version found"", ""organiser_primary_confirmation"": ""Bulles de Carpe association website is live but its displayed calendar is 2025–2026 and does not announce this 19 September 2026 event; row relies on current local-calendar detail and requires a later organiser confirmation"", ""url_cartell"": ""no direct dated poster or official promotional image was found"", ""url_reserva"": ""current local-calendar page exposes no booking URL""}"
2026-09-19-fourberies-canigou-elne,Journées du Patrimoine – Théâtre avec la Cie « Les Fourberies du Canigou »,fr,null,2026-09-19,samedi,2026-09-19,18:30,null,Place de l'Église,"Place de l'Église, 66200 Elne",Elne,Rosselló,Rosselló,theatre,null,"Samedi 19 - 18h30 - Théâtre avec la Cie « Les Fourberies du Canigou »

Place de l’Église

Organisation : Service culture - patrimoine & évènementiel",fr,https://ville-elne.fr/wp-content/uploads/2026/07/IMG_4656-retouchee-30-juin-2026.png,"Commune d'Elne — Service culture, patrimoine & évènementiel",null,null,https://ville-elne.fr/agenda/journees-du-patrimoine-theatre-avec-la-cie-les-fourberies-du-canigou/,2026-07-06,2026-08-19,"Samedi 19 - 18h30 - Théâtre avec la Cie « Les Fourberies du Canigou »

Place de l’Église

Organisation : Service culture - patrimoine & évènementiel","The official municipal event page gives 19 September 2026, 18:30, Place de l’Église and the municipal culture service. Elne’s public WordPress API returns `date: 2026-07-06T10:05:49` and `modified: 2026-07-06T10:07:47` for the exact slug. The official Pyrénées Méditerranée detail page at https://www.tourisme-pyrenees-mediterranee.com/agenda/journee-du-patrimoine-theatre-avec-la-cie-les-fourberies-du-canigou/ independently confirms 19 September 2026, 18:30 and `PLACE DE L'EGLISE, 66200 ELNE`. Sources accessed 2026-08-19.","confirmat — liveness checked 2026-08-19: current municipal and official tourism listings agree and targeted annulé/reporté searches return no event cancellation, postponement, relocation or sold-out notice. A June Fête de la Musique cancellation found during the search is unrelated and excluded.",A,2026-09-19-elne-fourberies-canigou,"{""asset_type"": ""official municipal page displays this direct 2026 event-associated image but does not label it explicitly as a poster"", ""hora_fi"": ""official municipal and tourism listings give no end time"", ""llengua_esdeveniment"": ""sources do not explicitly declare the performance-language field"", ""nom_altra_llengua"": ""no sourced published Catalan title version found"", ""preu"": ""official municipal and tourism listings publish no price or free-entry statement"", ""url_reserva"": ""official pages expose no booking URL""}"
2026-09-19-journees-patrimoine-ille-sur-tet,JOURNEES EUROPEENNES DU PATRIMOINE,fr,null,2026-09-19,samedi,2026-09-20,null,null,null,null,Ille-sur-Têt / Illa,Rosselló,Rosselló,heritage & tradition,null,"Ouvertures et visites guidées : église Saint-Etienne, chapelle des Carmes, église de Casesnoves, ermitage de Saint Maurice , vieil Ille.  
Le programme est en cours de réalisation.  
Gratuit.",fr,null,null,gratuit,null,https://www.tourisme-roussillon-conflent.fr/destinations/fetes-et-manifestations/journees-europeennes-du-patrimoine-3/,null — official tourism detail shows no publication/update date,2026-08-19,"Ouvertures et visites guidées : église Saint-Etienne, chapelle des Carmes, église de Casesnoves, ermitage de Saint Maurice , vieil Ille.
Le programme est en cours de réalisation.
Gratuit.",Current official Roussillon-Conflent Tourism agenda card explicitly confirms `19/09/2026 - 20/09/2026 | ILLE-SUR-TET` at https://www.tourisme-roussillon-conflent.fr/categories/planifier/agenda/fetes-et-manifestations/page/3/. The linked official detail provides the published heritage-visit scope and free admission. Both sources accessed 2026-08-19.,confirmat — liveness checked 2026-08-19: official tourism agenda/detail remain live and French/Catalan cancellation and postponement searches returned no status exception. Programme remains explicitly incomplete.,B,2026-09-19-ille-sur-tet-journees-patrimoine,"{""adreca"": ""official detail provides municipality only, no individual addresses"", ""data_publicacio_font"": ""official tourism detail shows no publication/update date"", ""hora_fi"": ""official sources publish no programme or session time"", ""hora_inici"": ""official sources publish no programme or session time"", ""llengua_esdeveniment"": ""source does not state activity language(s)"", ""lloc"": ""official detail lists multiple heritage sites but no fixed individual venue for the festival-range row"", ""nom_altra_llengua"": ""no sourced published Catalan event-title version recovered"", ""organitzador"": ""source gives programme contact phone but no named organiser"", ""programme_caveat"": ""official source says `Le programme est en cours de réalisation`; no individual sessions, hours or addresses are inferred"", ""url_cartell"": ""no direct dated poster or event image was exposed"", ""url_reserva"": ""source provides no booking URL"", ""year_evidence"": ""detail omits dates; current official parent agenda supplies explicit 19–20 September 2026 confirmation""}"
2026-09-19-ronde-ceretane-ceret,42ème Ronde Cérétane,fr,null,2026-09-19,samedi,2026-09-20,17:00,null,Centre-ville de Céret; Avenue Clémenceau; Avenue d’Espagne; Rue des Capucins,null,Céret,Vallespir,Vallespir,sports,null,"42ème Ronde Cérétane: samedi 19 septembre, course de 5 km « La Festive »; dimanche 20 septembre, randonnée de 8 km « L’Esmorzar », courses de 21 km « La Mystique », 10 km « L’Endiablée » et enfants « Els Nens », remise des prix et repas Festa i Bandas.",fr,https://rondeceretane.com/wp-content/uploads/2025/12/RONDE-CERETANE-2026.jpg,La Ronde Cérétane,null,null,https://rondeceretane.com/,null — current organiser site exposes no publication/update date,2026-08-19,"La Ronde Cérétane - Programme
Rendez-vous le 19 et 20 Septembre 2026

17h00
5 km — « La Festive » Samedi

9h00
21 km — « La Mystique » Dimanche

9h45
10 km — « L’Endiablée » Dimanche","The current organiser site explicitly gives 19–20 September 2026, registration status, 5/21/10 km race timing and the 2026 event image. Céret’s official municipal programme independently provides the full 42nd-edition route/schedule, 8 km walk, children’s race, award time and meal details. Search results from current local media and event pages align with the dates, with no cancellation or postponement notice. Sources accessed 2026-08-19.","confirmat — liveness checked 2026-08-19: current organiser site says `Inscriptions ouvertes`, current municipal programme is live and targeted annulée/reportée searches returned no cancellation, postponement, relocation or sold-out closure notice.",A,2026-09-19-ceret-ronde-ceretane,"{""adreca"": ""organiser and municipal sources provide multiple public-space start points rather than one postal address"", ""asset_type"": ""direct current organiser-hosted 2026 event image; recorded as poster asset without asserting separate rights"", ""data_publicacio_font"": ""current organiser site exposes no publication/update date"", ""hora_fi"": ""multi-session two-day sports event has no single overall closing time published"", ""llengua_esdeveniment"": ""sources do not declare an event-language field"", ""nom_altra_llengua"": ""no published Catalan event-title version recovered"", ""preu"": ""current organiser/municipal pages provide registration status/contact but no extracted tariff table"", ""url_reserva"": ""current organiser page shows registration invitation but no direct registration URL was exposed by text extraction""}"
2026-09-19-villefranche-visite-libre-remparts,VISITE LIBRE DES REMPARTS DE VILLEFRANCHE-DE-CONFLENT,fr,null,2026-09-19,samedi,2026-09-20,10:00,18:00,Remparts de Villefranche-de-Conflent,"2 Rue Saint-Jean, 66500 Villefranche-de-Conflent",Villefranche-de-Conflent / Vilafranca de Conflent,Conflent,Conflent,heritage open days,null,"À l'occasion des Journées européennes du patrimoine, les remparts de Villefranche-de-Conflent vous ouvrent exceptionnellement leurs portes en visite libre, gratuitement, les samedi 19 et dimanche 20 septembre 2026. Parcourez les chemins de ronde, admirez le paysage depuis les échauguettes et découvrez plusieurs expositions présentées à l'intérieur du monument, dont deux expositions photographiques.",fr,null,Mairie de Villefranche-de-Conflent,gratuit,null,https://www.tourisme-pyreneesorientales.com/agenda/visite-libre-des-remparts-de-villefranche-de-conflent-villefranche-de-conflent-fr-6727504/,null — official Departmental Tourism event page shows no publication/update date,2026-08-19,"Du 19 septembre 2026 au 20 septembre 2026

Samedi 10:00 - 18:00

Dimanche 10:00 - 18:00

Entrée gratuite","Current official Departmental Tourism detail explicitly publishes 19–20 September 2026, daily 10:00–18:00, 2 Rue Saint-Jean, free ramparts opening and last access at 18:00. The page credits Mairie de Villefranche-de-Conflent and Ministère de la Culture. Official Catalan equivalent verified at https://www.turisme-pirineusorientals.cat/agenda/visite-libre-des-remparts-de-villefranche-de-conflent-villefranche-de-conflent-ca-6727504/. Source accessed 2026-08-19.","confirmat — liveness checked 2026-08-19: current official Tourism page remains live; French/Catalan cancellation, postponement, closure and time-change queries returned no event-specific status exception.",A,2026-09-19-villefranche-de-conflent-visite-libre-remparts,"{""data_publicacio_font"": ""official page shows no publication/update date"", ""llengua_esdeveniment"": ""source does not state language(s) used for this unguided visit"", ""nom_altra_llengua"": ""official Catalan page equivalent verified but separate Catalan title not transcribed from truncated page"", ""url_cartell"": ""source displays credited images but exposes no direct poster asset URL"", ""url_reserva"": ""free open visit source provides contact but no booking URL""}"
2026-09-19-visite-libre-caves-byrrh-thuir,CAVES BYRRH – JOURNÉES DU PATRIMOINE 2026,fr,null,2026-09-19,samedi,2026-09-20,09:30,11:30,Les Caves Byrrh,"2 Boulevard Violet, 66300 Thuir",Thuir / Tuïr,Rosselló,Rosselló,heritage & tradition,null,"Les 19 et 20 septembre, à l’occasion des Journées Européennes du Patrimoine, venez découvrir librement les Caves BYRRH et leur architecture unique.  
Au programme : à venir  
Ne manquez pas cette chance de découvrir un lieu emblématique et de vous immerger dans l’histoire locale.  
Les visites sont gratuites et sans réservation.",fr,null,Les Caves Byrrh,gratuit,null,https://aspres-thuir.com/evenement/caves-byrrh-journees-du-patrimoine-2026/,null — official tourism page shows no publication/update date,2026-08-19,"Dates 19 septembre 2026 → 20 septembre 2026 de 09:30 à 11:30

Les visites sont gratuites et sans réservation.

2 Boulevard Violet, 66300 THUIR","Current official Aspres-Thuir Tourism detail explicitly confirms 19–20 September 2026, 09:30–11:30, free visits without booking and the Caves Byrrh address. The Ministry of Culture’s official European Heritage Days programme independently confirms the 19–20 September 2026 range, free public access and same address: https://journeesdupatrimoine.culture.gouv.fr/w/391796/evenement/19953915/event. Sources accessed 2026-08-19.","confirmat — liveness checked 2026-08-19: official tourism and Ministry programme pages remain live; targeted French/Catalan cancellation, postponement and closure searches returned no event-specific status exception.",B,2026-09-19-thuir-visite-libre-caves,"{""data_publicacio_font"": ""official tourism page shows no publication/update date"", ""hours_caveat"": ""Ministry source confirms dates and admission but no times; official tourism page supplies only 09:30–11:30, so no third-party afternoon hours are added"", ""llengua_esdeveniment"": ""source does not state the activity language(s)"", ""nom_altra_llengua"": ""no sourced published Catalan event-title version recovered"", ""programme_caveat"": ""official tourism page says `Au programme : à venir`; no unannounced activities are inferred"", ""url_cartell"": ""no direct dated 2026 poster was exposed by official tourism, Ministry or Caves Byrrh source layer"", ""url_reserva"": ""official source explicitly states visits are without reservation""}"
2026-09-19-visite-semaphore-portvendres,JOURNEE DU PATRIMOINE – VISITE DU SEMAPHORE DE PORT-VENDRES,fr,DIA DEL PATRIMONI – VISITA AL SEMÀFOR DE PORT-VENDRES,2026-09-19,samedi,2026-09-20,09:00,16:00,Site du Sémaphore du Cap Béar,"Site du Sémaphore, 66660 Port-Vendres",Port-Vendres / Portvendres,Rosselló,Rosselló,heritage & tradition,null,"Visite guidée exceptionnelle (durée 40 min environ) avec présentation du site, de ses caractéristiques patrimoniales et de son environnement. Présentation des missions de la chaine sémaphorique, des spécialités locales et du métier de guetteur de la flotte. Départs à 9h, 10h, 11h, 14h et 15h. Gratuit, réservation obligatoire avant le 31/08.",fr,null,null,gratuit,https://boutique.tourisme-pyrenees-mediterranee.com/journees-europeennes-du-patrimoine/visitesguidees/visite-guidee-du-semaphore-du-cap-bear,https://www.tourisme-pyrenees-mediterranee.com/agenda/journee-du-patrimoine-visite-du-semaphore-de-port-vendres/,null — official tourism page shows no publication/update date,2026-08-19,"Horaires d’ouverture le 19 septembre 2026 — Samedi : Ouvert de 09h à 12h et de 14h à 16h
Horaires d’ouverture le 20 septembre 2026 — Dimanche : Ouvert de 09h à 12h et de 14h à 16h

Départs à 9h, 10h, 11h, 14h et 15h. Gratuit, réservation obligatoire avant le 31/08.","The current official Pyrénées Méditerranée Tourism detail publishes the 19–20 September 2026 two-day opening schedule, five daily departure times, Site du Sémaphore location, free admission and current reservation URL. Its official Catalan counterpart independently lists the Port-Vendres `VISITA AL SEMÀFOR` on 19 September in the same 2026 programme. Sources accessed 2026-08-19.","confirmat — liveness checked 2026-08-19: current official French and Catalan JEP pages remain live; French/Catalan cancellation, postponement, closure and time-change queries returned no visit-specific exception. A current 17 August municipal Instagram result corroborates departure times and reservation cutoff.",A,2026-09-19-portvendres-visite-semaphore,"{""data_publicacio_font"": ""official tourism page shows no publication/update date"", ""llengua_esdeveniment"": ""sources offer French/Catalan tourism presentation but do not state guided-visit language(s)"", ""organitzador"": ""official detail offers reservations through tourism offices but does not explicitly name an event organiser"", ""split_hours"": ""structured fields carry earliest/latest daily public times; mandatory 40-minute visits have five discrete departures and a midday break, preserved in description/citation"", ""url_cartell"": ""official page exposes photo content but no direct dated poster URL""}"
2026-09-20-visite-guidee-portvendres,JOURNEES DU PATRIMOINE – VISITE GUIDEE DE PORT-VENDRES,fr,JORNADES DEL PATRIMONI – VISITA GUIADA DE PORT-VENDRES,2026-09-20,dimanche,2026-09-20,10:30,17:30,Office de Tourisme,"1 Quai François Joly, 66660 Port-Vendres",Port-Vendres / Portvendres,Rosselló,Rosselló,heritage & tradition,null,"Visite guidée à la découverte du port de Venus. Départ à 10h30 et à 15h30. Durée 1h30/2h. Gratuit, sur réservation. Cette visite est l’occasion rêvée pour comprendre l’histoire plurielle et contemporaine de Port-Vendres. Visite proposée par l’Office de tourisme Pyrénées Méditerranée, accompagnée par Philippe.",fr,null,Office de tourisme Pyrénées Méditerranée,gratuit,https://boutique.tourisme-pyrenees-mediterranee.com/journees-europeennes-du-patrimoine/visitesguidees,https://www.tourisme-pyrenees-mediterranee.com/agenda/journees-du-patrimoine-visite-guidee-de-port-vendres/,null — official tourism page shows no publication/update date,2026-08-19,"Horaires d’ouverture le 20 septembre 2026
Dimanche : Ouvert de 10h30 à 12h30 et de 15h30 à 17h30

Visite proposée par l’Office de tourisme Pyrénées Méditerranée, accompagnée par Philippe.

OFFICE DE TOURISME — 1 Quai François Joly — 66660 PORT-VENDRES

Gratuit, sur réservation.","The current official Pyrénées Méditerranée Tourism detail explicitly publishes Sunday 20 September 2026, two separate 10:30 and 15:30 departures, the 1 Quai François Joly meeting point, organiser, free admission and booking URL. Its official Catalan JEP counterpart independently lists `VISITA GUIADA DE PORT-VENDRES` for 20 September 2026. Sources accessed 2026-08-19.","confirmat — liveness checked 2026-08-19: current official French and Catalan JEP pages remain live; French/Catalan cancellation, postponement, closure and time-change queries returned no visit-specific exception.",A,2026-09-20-portvendres-visite-guidee-port,"{""data_publicacio_font"": ""official tourism page shows no publication/update date"", ""llengua_esdeveniment"": ""sources offer French/Catalan tourism presentation but do not state guided-visit language(s)"", ""split_hours"": ""structured fields carry earliest/latest public times; source has two discrete guided tours with a midday break, preserved in description/citation"", ""url_cartell"": ""official page exposes photo gallery content but no direct dated poster URL""}"
2026-09-22-conference-artistes-mediterranee-le-boulou,CONFÉRENCE DES ARTISTES EN BORD DE MEDITERRANÉE,fr,null,2026-09-22,mardi,2026-09-22,18:00,null,Maison de l’Eau et de la Méditerranée,"4 Rue Arago, 66160 Le Boulou",Le Boulou / El Voló,Vallespir,Vallespir,talk,null,"Conférence : Des artistes en bord de Méditerranée. Rejoignez Pauline raconte l’art pour une conférence inspirante autour des artistes fascinés par les paysages méditerranéens. Une rencontre accessible et conviviale pour découvrir l’art autrement, entre mer, lumière et création.",fr,null,Maison de l’Eau et de la Méditerranée / Pauline raconte l’art,plein tarif 2 €,null,https://www.vallespir-tourisme.fr/offres/conference-des-artistes-en-bord-de-mediterranee-le-boulou-fr-6410734/,null — official tourism page shows no publication/update date,2026-08-19,"Mardi 22 septembre à 18:00

Maison de l’Eau et de la Méditerranée

Tarif : 2€ / personne

4 Rue Arago, Le Boulou

Rejoignez Pauline raconte l’art pour une conférence inspirante autour des artistes fascinés par les paysages méditerranéens.","The current official Vallespir Tourism detail explicitly confirms Tuesday 22 September 2026 at 18:00, MEM/4 Rue Arago, €2 and Pauline raconte l’art programme wording. It exposes an official Catalan route but no separately translated title was verified before extraction. Source accessed 2026-08-19.","confirmat — liveness checked 2026-08-19: current official Tourism detail and municipal agenda listing remain live; French/Catalan cancellation, postponement, closure and time-change queries returned no conference-specific status exception.",A,2026-09-22-le-boulou-conference-artistes-mediterranee,"{""data_publicacio_font"": ""official tourism page shows no publication/update date"", ""hora_fi"": ""source publishes start time only"", ""llengua_esdeveniment"": ""source does not state language(s) used in the spoken conference"", ""nom_altra_llengua"": ""official Catalan page route exists but separate Catalan title was not verified before extraction"", ""url_cartell"": ""source labels conference poster image but exposes no direct recoverable file URL"", ""url_reserva"": ""page marks réservation/contact but exposes no direct booking URL in source text""}"
2026-09-23-pont-fer-chenes-liege-reynes,"*REYNÈS, SON PONT DE FER ET SES CHÊNES LIÈGE",fr,null,2026-09-23,mercredi,2026-09-23,16:30,null,Pont de Reynès,"Pont de Reynès, 66400 Reynès",Reynès / Reiners,Vallespir,Vallespir,guided tour,null,"VISITE GUIDÉE. Reynès est un village à double facette, à la fois village de passage et joyau de nature, découvrez le château et les églises de ce riche village. Venez découvrir le célèbre pont de fer et les activités que l'arrivée du train à fait naître avec le temps. Rencontrez avec notre guide le plus grand chêne liège du monde, haut comme un immeuble de 7 étages.",fr,null,Vallespir Tourisme,plein tarif 6 €,null,https://www.tourisme-pyreneesorientales.com/agenda/reynes-son-pont-de-fer-et-ses-chenes-liege-reynes-fr-6717756/,null — official Departmental Tourism page shows no publication/update date,2026-08-19,"Mercredi 23 septembre à 16:30

Pont de Reynes, Reynès

Plein tarif 6,00 €

Réservation obligatoire - Départ 16h30","The current official Departmental Tourism detail explicitly confirms Wednesday 23 September 2026 at 16:30, Pont de Reynès, compulsory reservation, €6 full fare and Vallespir Tourism credit. Current Vallespir Tourism sheet `6715866` independently reproduces the same target date/time, location, fare and content. Its separate 26 August (`6628519`) and 29 July (`6609554`) sheets are explicit out-of-window predecessors, not an inferred recurrence. Sources accessed 2026-08-19.","confirmat — liveness checked 2026-08-19: current Departmental Tourism and Vallespir Tourism target-specific pages remain live; French/Catalan cancellation, postponement, closure and time-change queries returned no event-specific status exception.",A,2026-09-23-reynes-pont-fer-chenes,"{""data_publicacio_font"": ""official Departmental Tourism page shows no publication/update date"", ""hora_fi"": ""source publishes start time only"", ""llengua_esdeveniment"": ""source does not state language(s) used in the guided visit"", ""nom_altra_llengua"": ""official Tourism pages expose Catalan routes but no separately verified published Catalan title was recovered before extraction"", ""sparse_locality_boundary"": ""official municipal event endpoint is empty and both official Tourism search APIs expose no other target-window Reynès sheets; absence is documented, not filled by inference"", ""url_cartell"": ""current source displays a credited image but exposes no direct recoverable poster file URL"", ""url_reserva"": ""source marks compulsory reservation and supplies contact form/phone, but no direct booking URL is exposed""}"
2026-09-26-festival-mer-le-boulou,FESTIVAL DE LA MER 2026,fr,null,2026-09-26,samedi,2026-09-26,09:00,17:00,Maison de l’Eau et de la Méditerranée,"4 Rue Arago, 66160 Le Boulou",Le Boulou / El Voló,Vallespir,Vallespir,environment,null,"L’objectif de cet évènement est de transmettre et faire connaître les structures, les professions liées à la mer. Plusieurs stands et ateliers tenus par des associations locales engagées dans le développement durable et l’éducation à l’environnement, pour les petits et les grands. Ce festival met en lumière les enjeux liés à la mer, à l’environnement marin et à la préservation de notre littoral, de manière ludique, éducative et participative. Samedi 26 septembre : journée grand public 10h à 12h30 et 14h à 17h.",fr,null,Maison de l’Eau et de la Méditerranée (MEM),gratuit,null,https://www.mairie-leboulou.fr/agenda/47381/3454-festival-de-la-mer-2026.htm,null — official municipal page shows no publication/update date,2026-08-19,"26 septembre 2026

Lieu : Maison de l’Eau et de la Méditerranée

Samedi 26 septembre : journée grand public 10h à 12h30 et 14h à 17h

Renseignements et réservations : 04 68 87 50 10 – contact@mem-leboulou.fr","The current Mairie du Boulou detail explicitly confirms 26 September 2026, MEM venue, public-day programme and MEM contact. Current official Vallespir Tourism French and Catalan details independently list 26 September 2026, 09:00–17:00, 4 Rue Arago and free entry. The row retains the structured Tourism 09:00–17:00 schedule; the municipal public-day split hours remain verbatim in description/citation rather than being silently reconciled. Sources accessed 2026-08-19.","confirmat — liveness checked 2026-08-19: current municipal and official Tourism French/Catalan details remain live; French/Catalan cancellation, postponement, closure and time-change queries returned no festival-specific status exception.",A,2026-09-26-le-boulou-festival-mer,"{""data_publicacio_font"": ""official municipal page shows no publication/update date"", ""llengua_esdeveniment"": ""source publishes French/Catalan descriptions but does not state language(s) used in event activity"", ""nom_altra_llengua"": ""official Catalan page retains FESTIVAL DE LA MER 2026; no separate Catalan title is invented"", ""schedule_note"": ""municipal public-day description says 10:00–12:30 and 14:00–17:00 while official Tourism structured schedule says 09:00–17:00; both are retained without inference"", ""url_cartell"": ""source labels 26 sep_AFFICHE_FESTIVAL DE LA MER but exposes no direct recoverable file URL"", ""url_reserva"": ""source provides phone/email contact, no direct booking URL""}"
2026-09-26-gravel-tour-font-romeu,GRAVEL TOUR,fr,null,2026-09-26,samedi,2026-09-26,null,null,Esplanade des Comtes de Cerdagne,"Esplanade des Comtes de Cerdagne, 66120 Font-Romeu-Odeillo-Via",Font-Romeu-Odeillo-Via,Alta Cerdanya,Cerdanya,sports,null,"La 66 Degrés Sud - Pyrénées Catalanes Gravel Tour est une course de Gravel, qualificative pour les Championnats du Monde UCI Gravel World Series. Cette deuxième édition aura lieu le samedi 26 Septembre 2026, sur la commune de Font-Romeu, au départ de l'Esplanade des Comtes de Cerdagne.",fr,null,66 Degrés Sud / Perpignan Méditerranée,Plein tarif à partir du 1er juillet: Gran Fondo 89 €; Medio Fondo 69 €; Pyrénées Catalanes 50 €; Randonnée 20 €. Early-bird schedule and discounts published separately by organiser.,https://new.sportsnconnect.com/members/events/registration/trials/4qbtuo8XiadYPuzNqvWvYp,https://66-degres-sud.fr/le-gravel/,null,2026-08-19,"Cette deuxième édition aura lieu le samedi 26 Septembre 2026, sur la commune de Font-Romeu, au départ de l'Esplanade des Comtes de Cerdagne.","The live organiser FAQ explicitly states that the second edition is Saturday 26 September 2026 in Font-Romeu, departing Esplanade des Comtes de Cerdagne. The UCI Gravel World Series calendar independently lists “Pyrénées Catalanes Gravel Tour — Font Romeu — Saturday 26 Sep 2026”; regional cycling tourism corroborates the 2025 Les Angles / 2026 Font-Romeu relocation. Organiser page has no displayed publication date; accessed 2026-08-19.","confirmat — liveness re-checked 2026-08-19: live organiser FAQ, 2026 tariff table and registration link, regional cycling page and UCI calendar show no annulé, reporté, complet or déplacé notice.",A,2026-09-26-font-romeu-gravel-tour,"{""data_publicacio_font"": ""organiser page shows no publication or last-update date"", ""hora_fi"": ""sources consulted do not publish an end time"", ""hora_inici"": ""the organiser FAQ publishes the date and departure place but not a start time"", ""llengua_esdeveniment"": ""sources do not state the language in which the event is held"", ""nom_altra_llengua"": ""no sourced published Catalan translation"", ""url_cartell"": ""no direct dated event-poster URL found on the organiser, regional cycling or UCI pages""}"
2026-09-26-octubre-festa-perpignan,OCTUBRE FESTA,fr,null,2026-09-26,samedi,2026-09-27,14:00,02:00,Parc des Expositions,"Avenue du Palais des Expositions, 66000 Perpignan",Perpinyà / Perpignan,Rosselló,Rosselló,gastronomy,fr,"La plus grande fête de la bière de Perpignan est de retour !

Le temps d’une soirée, découvrez les brasseries artisanales catalanes, leurs savoir-faire et leurs créations dans un rendez-vous mêlant gastronomie, musique et animations.

Au programme :
De nombreuses brasseries artisanales catalanes à découvrir
Artiste Décalé surprise !
Après la venue remarquée de Boris en 2025, qui montera sur scène en 2026 ? Suspense…
DJ sets avec Laura Laffont et Laurent Allart
Des animations et de nombreuses surprises tout au long de la soirée
1 an de bière à gagner !
(Tirage au sort, lot remis après l’événement)

Côté restauration, retrouvez de nombreux stands gourmands : barbecue, brasero, escargots, saucissons et autres spécialités catalanes.

Musique, découvertes, gastronomie et animations rythmeront cette édition 2026 au cœur du Roussillon.",fr,https://cdt66.media.tourinsoft.eu/upload/Octubre-Festa.jpg,null,null,null,https://www.perpignanmediterranee-tourisme.com/agenda/octubre-festa/,null,2026-08-19,"Du 26 septembre 2026 au 27 septembre 2026 de 14:00 à 02:00
Jours d'ouverture : Samedi, Dimanche

Parc des Expositions
Avenue du Palais des Expositions
66000 PERPIGNAN",Destination Perpignan official agenda page expressly dates the event 26–27 September 2026; page shows no publication or update date; accessed 2026-08-19.,"confirmat — liveness checked 2026-08-19: official destination page gives a planned 2026 schedule and displays no annulé, reporté, complet or déplacé notice.",A,2026-09-26-perpignan-octubre-festa,"{""data_publicacio_font"": ""official destination page shows no publication or last-update date"", ""nom_altra_llengua"": ""no sourced published Catalan translation"", ""organitzador"": ""official destination page does not identify an organiser"", ""preu"": ""official destination page does not publish a price or gratuity statement"", ""url_reserva"": ""official destination page does not publish a booking URL""}"
2026-09-27-la-ramade-vtt-font-romeu,LA RAMADE VTT,fr,null,2026-09-27,dimanche,2026-09-27,null,null,Font-Romeu-Odeillo-Via,null,Font-Romeu-Odeillo-Via,Alta Cerdanya,Cerdanya,sports,null,"La Ramade VTT revient le 27 septembre 2026 à Font-Romeu pour une nouvelle édition placée sous le signe de la convivialité et du plaisir de rouler ensemble. Cette traditionnelle randonnée VTT vous invite à partir à la découverte du territoire, de ses plus beaux sentiers et de sa gastronomie locale. Fidèle à son esprit, La Ramade VTT, c’est « Pas de chrono, que du vélo… et de bons ravitos ! ». Avec quatre parcours de 8 à 50 km adaptés à tous les niveaux, ainsi qu’une course de draisienne pour les plus jeunes, chacun trouvera de quoi partager une journée sportive, gourmande et conviviale.",fr,null,"Communauté de Communes des Pyrénées Catalanes, avec Font-Romeu Cyclisme (partenaire)","15 € d’inscription avant le 31 août; +10 € après cette date, dans la limite des places disponibles (official station post).",https://new.sportsnconnect.com/client/events/4qhEEwCcPuj8aXfZFgkqSW-la-ramade-vtt,https://www.mairie-fontromeu.fr/rendez-vous/la-ramade-vtt/,2026-08-18,2026-08-19,La Ramade VTT revient le 27 septembre 2026 à Font-Romeu pour une nouvelle édition placée sous le signe de la convivialité et du plaisir de rouler ensemble.,Primary municipal page was published 2026-08-18 and explicitly gives 27 September 2026. Official Font-Romeu tourism record separately states “Du 27/09/2026 au 27/09/2026”; live registration records the same one-day date. The official station post (indexed 2026-08-14) supplies the pricing condition. All consulted 2026 sources were accessed 2026-08-19.,"confirmat — liveness checked 2026-08-19: municipal page, official tourism listing, regional cycling calendar, official station post and live registration page show no annulé, reporté, déplacé or complet notice.",A,2026-09-27-font-romeu-la-ramade-vtt,"{""adreca"": ""sources give 66120 Font-Romeu-Odeillo-Via but no textual street or exact start address"", ""hora_fi"": ""sources consulted do not publish an event-wide end time"", ""hora_inici"": ""the official tourism source states no opening hours; live registration gives only route-specific free-departure cut-offs (09:00 for blue/red/black, 10:00 for family), not one event-wide start time"", ""llengua_esdeveniment"": ""sources do not state the language in which the event is held"", ""nom_altra_llengua"": ""no sourced published Catalan translation"", ""url_cartell"": ""tourism-page image route FMALAR066V52XR67-0.jpg currently returns a 404 page; no reachable dated event-poster asset is recorded""}"
2026-09-27-thriathle-enchaine-argeles,THRIATHLE ENCHAINÉ,fr,null,2026-09-27,dimanche,2026-09-27,09:00,16:00,null,null,Argelès-sur-Mer / Argelers,Rosselló,Rosselló,sport,null,"Triathle enchainé, épreuve du Pentathlon moderne",fr,null,Fédération Française de Pentathlon,"À partir de 10,00 €",null,https://www.argeles-sur-mer.com/offres/thriathle-enchaine-argeles-sur-mer-fr-6677191/,null — official tourism page shows no publication/update date,2026-08-19,"Le 27 septembre 2026
09:00 à 16:00

Triathle enchainé, épreuve du Pentathlon moderne

Fédération Française de Pentathlon

Tarif plein — À partir de 10,00 €","The current official Argelès-sur-Mer Tourism detail explicitly confirms 27 September 2026, 09:00–16:00, the modern-pentathlon triathle description, French Pentathlon Federation and tariff from €10. Its official calendar card independently lists the 27 September municipal-agenda event. Sources accessed 2026-08-19.","confirmat — liveness checked 2026-08-19: official tourism detail and municipal calendar card remain live; French/Catalan cancellation, postponement, closure and date-change queries returned no event-specific status exception.",A,2026-09-27-argeles-thriathle-enchaine,"{""adreca"": ""official source gives only 66700 Argelès-sur-Mer and coordinates, not a street address"", ""data_publicacio_font"": ""official tourism page shows no publication/update date"", ""llengua_esdeveniment"": ""source does not state event language(s)"", ""lloc"": ""official source gives only municipality-level location and map coordinates, not a named venue"", ""nom_altra_llengua"": ""no sourced published Catalan event-title version recovered"", ""source_spelling"": ""the official page title spells `THRIATHLE`; source spelling is preserved in nom_original"", ""url_cartell"": ""source displays a 2026 flyer image but no recoverable direct file URL was exposed"", ""url_reserva"": ""source offers an enquiry form, not a published registration/booking URL""}"
2026-10-02-trail-des-100-miles-vernet-les-bains,TRAIL DES 100 MILES,fr,null,2026-10-02,vendredi,2026-10-02,17:30,null,Place de la République,"Place de la République, 66820 Vernet-les-Bains",Vernet-les-Bains,Conflent,Conflent,sport-as-tradition,n/a,Trail des 100 miles au départ de Vernet-les-Bains sur la place de la République.,fr,null,100 Miles Pyrénées Méditerranée,null,https://www.100miles-pyrenees-mediterranee.org/inscription,https://www.tourisme-canigo.com/agenda/trail-des-100-miles-fmalar066v52u018/,null,2026-08-19,"TRAIL DES 100 MILES

Trail des 100 miles au départ de Vernet-les-Bains sur la place de la République.

* vendredi 02 octobre 2026
  
  à partir de
  17h30

TRAIL DES 100 MILES
Place de la République
66820 VERNET-LES-BAINS",The official Conflent Canigó local-departure page expressly gives “vendredi 02 octobre 2026” from 17h30. The official organiser site independently announces “Du 2 au 4 Octobre 2026” and provides an active registration page; neither page shows a publication/update date; accessed 2026-08-19.,"confirmat — liveness checked 2026-08-19: the official Conflent Canigó page displays the 2 October Vernet departure; the organiser site displays the 2–4 October 2026 event and active registration; targeted searches found no cancellation, postponement, relocation or sold-out notice.",A,2026-10-02-vernet-les-bains-trail-des-100,"{""data_publicacio_font"": ""official local and organiser pages show no publication or last-update date"", ""hora_fi"": ""official local-departure page publishes only “à partir de 17h30”, not a local end time"", ""nom_altra_llengua"": ""no sourced published Catalan translation found"", ""preu"": ""official local page lists accepted payment card but no price; organiser homepage does not expose a fee in the retrieved source"", ""scope_note"": ""This record is the specifically published 2 October 17:30 Vernet-les-Bains departure, not a duplicate multi-day master row for the organiser’s broader 2–4 October event across the département."", ""url_cartell"": ""no direct dated event-poster URL was exposed on the official local or organiser page""}"
2026-10-03-5es-jornades-historia-nacional-prats-mollo,5es. Jornades d’Història Nacional — Dels Fets de Prats de Molló a la Constitució de l’Havana,ca,null,2026-10-03,dissabte,2026-10-04,16:00,null,CIAP La Verneda,"Carrer dels Cirerers, 66230 Prats-de-Molló-La-Presta",Prats-de-Mollo-la-Preste,Vallespir,Vallespir,other,ca,"Programa de les 5es JORNADES D’HISTÒRIA NACIONAL

Dels Fets de Prats de Molló a la Constitució de l’Havana

3 i 4 D’OCTUBRE 2026. Prats de Molló

Lloc de la jornada de dissabte i diumenge CIAP La Verneda, Carrer dels cirerers 66230 Prats-de-Molló-La-Presta",ca,null,Associació Amics de la Casa Macià,Inscripció: 25 €,https://form.jotform.com/amicscasamacia/jornadeshistoria,https://www.casamacia.cat/jornades-historia-2026/,2026-01-19,2026-08-19,"Dels Fets de Prats de Molló a la Constitució de l’Havana

3 i 4 D’OCTUBRE 2026. Prats de Molló

Lloc de la jornada de dissabte i diumenge CIAP La Verneda, Carrer dels cirerers66230 Prats-de-Molló-La-Presta","The organiser’s Catalan programme, posted 2026-01-19 at https://www.casamacia.cat/jornades-historia-2026/, explicitly announces the 3–4 October 2026 event, CIAP La Verneda venue, schedule, 25 € registration and Jotform registration. The Institut Ramon Muntaner institutional news item, published 2026-01-27 at https://www.irmu.org/news/6398, and Catalan local-media report Llibertat.cat, published 2026-08-05 at https://www.llibertat.cat/2026/08/casa-macia-convoca-unes-jornades-d-historia-pel-centenari-dels-fets-de-prats-de-mollo-60992, independently confirm the 3–4 October 2026 Prats de Molló programme. Sources accessed 2026-08-19.","confirmat — liveness checked 2026-08-19: organiser page, institutional January confirmation and current August Catalan local-media confirmation agree on the 3–4 October event; targeted anul·lada/ajornada/cancel·lació searches returned no cancellation, postponement, relocation or sold-out notice.",A,2026-10-03-prats-mollo-jornades-historia,"{""category_precision"": ""the programme combines historical conferences, communications, film, book presentation and a visit; the permitted schema category is retained as other rather than falsely labelling the entire two-day programme as one session type"", ""hora_fi"": ""multi-session two-day programme ends with different Sunday elements; no single homogeneous event end time is published"", ""nom_altra_llengua"": ""no sourced published French alternative title was found"", ""url_cartell"": ""no direct dated event poster was exposed on the organiser, institutional or local-media pages retrieved""}"
2026-10-03-carnets-de-cerdanya-sainte-leocadie,Carnets de Cerdanya - 2e rencontre transfrontalière du croquis,fr,null,2026-10-03,samedi,2026-10-03,null,null,Musée de Cerdagne - Ferme Cal Mateu,"1 Avenue Cal Mateu, 66800 Sainte-Léocadie",Sainte-Léocadie,Alta Cerdanya,Cerdanya,workshop,ca+fr,"Samedi 03 : Carnets de Cerdanya - 2e rencontre transfrontalière du croquis en collaboration avec les Urban Sketchers de Toulouse et Barcelone. Ateliers, conférences toute la journée",fr,https://www.instagram.com/p/DZ_94qCIblJ/,Musée de Cerdagne - Ferme Cal Mateu; Dibuixem Cerdanya; Dessiner sur le vif; Urban Sketchers Toulouse,null,null,https://www.calameo.com/read/007004164e493bf285c3c,2026-02-21,2026-08-19,"Samedi 03 : Carnets de Cerdanya - 2e rencontre transfrontalière du croquis en collaboration avec les Urban Sketchers de Toulouse et Barcelone. Ateliers, conférences toute la journée","The organiser-issued `Dépliant Musée De Cerdagne 2026`, published 2026-02-21 at https://www.calameo.com/read/007004164e493bf285c3c, prints the specific 3 October Cal Mateu session. The event-partner account Dibuixem Cerdanya posted on 2026-06-25 at https://www.instagram.com/p/DZ_94qCIblJ/: `CAT Guardeu-vos les dates! El 3 i el 4 d’octubre ens trobarem a la Cerdanya!` and `FR À vos agendas! Le 3 et 4 d’octobre on se retrouverà en Cerdagne`; it tags Musée de Cerdagne, Dibuixem Cerdanya, Dessiner sur le vif and Urban Sketchers accounts. The 3 October Cal Mateu session is therefore modelled separately; no 4 October French-side session is invented. Both sources were accessed 2026-08-19.","confirmat — liveness checked 2026-08-19: targeted annulé/reporté searches returned no cancellation, postponement, relocation or sold-out notice; the organiser’s public account had an active 25 June 2026 bilingual 3–4 October announcement and current August posts. The current museum programme remains accessible. Required later re-check applies.",A,2026-10-03-sainte-leocadie-carnets-cerdanya,"{""hora_fi"": ""the museum 2026 programme says `toute la journée` but does not publish an HH:MM end time"", ""hora_inici"": ""the museum 2026 programme says `toute la journée` but does not publish an HH:MM start time"", ""nom_altra_llengua"": ""the organiser’s Instagram post provides Catalan festival wording but no published Catalan translation of this exact 3 October Cal Mateu session title"", ""poster_format"": ""the organiser Instagram page contains the dated event poster but no public direct original-image URL was exposed; the page URL is retained in url_cartell under the protocol’s page-only exception"", ""preu"": ""no session-specific price is shown in the museum programme or organiser post"", ""session_scope"": ""the organiser announcement confirms a 3–4 October transfrontier event, while the museum programme specifies only the 3 October Sainte-Léocadie session; this row intentionally does not infer or duplicate a 4 October session"", ""url_reserva"": ""no online booking URL is shown in the museum programme or organiser post""}"
2026-10-03-tast-vins-dinar-casa-macia-prats-mollo,Tast de vins i dinar per la Casa Macià,ca,null,2026-10-03,dissabte,2026-10-03,12:00,null,Casa Macià (Vil·la Denise),"La Boixeda, 66230 Prats de Molló",Prats-de-Mollo-la-Preste,Vallespir,Vallespir,gastronomy,ca,"Més que un àpat i molt més que un tast de vins: sensacions, aromes, sabors, matisos, històries, descobertes i bones converses.

Amb tot el sentit i més enllà dels sentits.",ca,null,Associació Amics de la Casa Macià,40 €,mailto:amicscasamacia@gmail.com,https://www.casamacia.cat/tast-de-vins-i-dinar-per-la-casa-macia/,2026-08-05,2026-08-19,"Dissabte 3 d’octubre a les 12:00 h a Casa Macià, Prats de Molló

Places limitades, preu 40€, cal reservar fent un mail a amicscasamacia@gmail.com","The organiser’s public Catalan event page, posted 2026-08-05 at https://www.casamacia.cat/tast-de-vins-i-dinar-per-la-casa-macia/, explicitly gives Saturday 3 October at 12:00 at Casa Macià, Prats de Molló, 40 € and required email reservation. The live Casa Macià home page repeats the dated title. Sources accessed 2026-08-19.","confirmat — liveness checked 2026-08-19: target searches for anul·lat/ajornat/cancel·lació returned no cancellation, postponement, relocation or sold-out notice, and the active organiser page still states places are limited with a current email-reservation route. Required later recheck applies.",A,2026-10-03-prats-mollo-tast-vins-dinar,"{""address_precision"": ""organiser website identifies Casa Macià/Vil·la Denise at La Boixeda, Prats de Molló but does not give the tasting page a specific street number"", ""hora_fi"": ""organiser page provides only the 12:00 start time"", ""nom_altra_llengua"": ""no sourced published French alternative title was found"", ""url_cartell"": ""no direct dated event poster was exposed on the organiser page""}"
2026-10-04-fete-du-champignon-villefranche-de-conflent,FÊTE DU CHAMPIGNON,fr,null,2026-10-04,dimanche,2026-10-04,10:00,null,Villefranche-de-Conflent,66500 Villefranche-de-Conflent,Villefranche-de-Conflent,Conflent,Conflent,gastronomy,null,"Rendez-vous le 4 octobre 2026 à Villefranche-de-Conflent pour la Fête du Champignon : expositions, découverte des plantes, vente et menus gourmands autour des champignons vous attendent dans une ambiance conviviale.",fr,null,null,null,null,https://www.tourisme-canigo.com/agenda/fete-du-champignon-fmalar066v52tz1u/,null,2026-08-19,"FÊTE DU CHAMPIGNON

Rendez-vous le 4 octobre 2026 à Villefranche-de-Conflent pour la Fête du Champignon : expositions, découverte des plantes, vente et menus gourmands autour des champignons vous attendent dans une ambiance conviviale.

* dimanche 04 octobre 2026
  
  à partir de
  10h00

FÊTE DU CHAMPIGNON
66500 VILLEFRANCHE-DE-CONFLENT",The official Conflent Canigó specific event page expressly says “Rendez-vous le 4 octobre 2026” and gives “dimanche 04 octobre 2026” from 10h00; it shows no publication or last-update date and was accessed 2026-08-19.,"confirmat — liveness checked 2026-08-19: the official Conflent Canigó page and a current 2026 local-agenda listing show the 4 October date; targeted searches for annulée and reportée found no cancellation, postponement, relocation or closure notice.",B,2026-10-04-villefranche-de-conflent-fete-du-champignon,"{""data_publicacio_font"": ""official event page shows no publication or last-update date"", ""hora_fi"": ""official event page publishes only “à partir de 10h00”, not an end time"", ""llengua_esdeveniment"": ""official source does not state the language of activities or presentations"", ""nom_altra_llengua"": ""no sourced published Catalan translation found"", ""organitzador"": ""official source publishes no organising body"", ""preu"": ""official source publishes no price or gratuity statement"", ""url_cartell"": ""no direct dated event-poster URL was exposed on the official tourism listing"", ""url_reserva"": ""official source publishes no booking or information URL beyond its event page"", ""venue_precision"": ""official source gives the municipality/postal address only, not a named street venue""}"
2026-10-07-de-autre-cote-livre-vivant-thuir,LE LIVRE VIVANT EN BALADE — « De l’autre côté »,fr,null,2026-10-07,mercredi,2026-10-07,10:00,null,Médiathèque Municipale,"7 Impasse Violet, 66300 Thuir",Thuir / Tuïr,Rosselló,Rosselló,children's activity,ca+fr,"Des spectacles jeune public gratuits  
dans 17 communes !  
Le Livre Vivant lance sa tournée dans les Pyrénées-Orientales !  
Après la Fête du Livre Vivant, le 28 juin dans le Parc Palauda à Thuir , il part maintenant « en balade » sur tout le territoire.  
De septembre à décembre, les créations présentées vous donnent rendez-vous dans les médiathèques de 17 communes, toujours gratuitement.  
Théâtre, musique, danse, conte : ici, les livres s’ouvrent et s’animent, en français et en catalan, pour aller à la rencontre de tous les publics.  
« De l’autre côté », Cie Les Mains blanches Danse Cirque musique  
Thuir – Médiathèque- Mercredi 7 octobre – 10h",fr,null,Médiathèque départementale Claude Simon / Département des Pyrénées-Orientales,gratuit,null,https://www.ledepartement66.fr/agenda/livre-vivant-en-balade/,null — Department programme page shows no publication/update date,2026-08-19,"« De l’autre côté », Cie Les Mains blanches Danse Cirque musique

Thuir – Médiathèque- Mercredi 7 octobre – 10h

Entrée gratuite - Entrada gratuïta","The current Department of Pyrénées-Orientales organiser programme explicitly lists the Wednesday 7 October Thuir mediathèque session at 10:00 and free admission. Official Aspres-Thuir Tourism independently confirms `Dates 7 octobre 2026 de 10:00`, `7 IMPASSE VIOLET, 66300 THUIR`, the same company/session and the Department link: https://aspres-thuir.com/evenement/le-livre-vivant-en-balade/. Sources accessed 2026-08-19.",confirmat — liveness checked 2026-08-19: current Department and official tourism pages remain live; French/Catalan cancellation and postponement queries returned no status exception.,A,2026-10-07-thuir-livre-vivant-autre,"{""data_publicacio_font"": ""Department programme page shows no publication/update date"", ""hora_fi"": ""organiser and tourism source publish start time only"", ""nom_altra_llengua"": ""no sourced published Catalan event-title version recovered"", ""url_cartell"": ""no direct dated Thuir-session poster was exposed by Department or official tourism source"", ""url_reserva"": ""official source states free access but publishes no booking URL""}"
2026-10-07-vendanges-en-fete-banyuls,VENDANGES EN FÊTE,fr,null,2026-10-07,mercredi,2026-10-11,null,null,null,null,Banyuls-sur-Mer / Banyuls de la Marenda,Rosselló,Rosselló,food & drink,null,"Partez à la découverte du vignoble du Cru Banyuls & Collioure et de ses vignerons. Dégustations, palais des terroirs, animations musicales, visites de caves, atelier du goût, atelier des 4 saveurs, village vigneron, expositions, cinéma, théâtre, repas vigneron…",fr,null,Ville de Banyuls-sur-Mer / Office de Tourisme de Banyuls-sur-Mer,null,https://www.vendangesenfete.fr/programme-de-la-fete/,https://www.vendangesenfete.fr/,null — organiser page shows no publication/update date,2026-08-19,"DU 7 AU 11 OCTOBRE 2026

Partez à la découverte du vignoble du Cru Banyuls & Collioure et de ses vignerons. Dégustations, palais des terroirs, animations musicales, visites de caves, atelier du goût, atelier des 4 saveurs, village vigneron, expositions, cinéma, théâtre, repas vigneron…","The current Vendanges en Fête organiser page explicitly confirms 7–11 October 2026 and identifies Banyuls Tourism/City contact. The official municipal Banyuls page independently carries `Vendanges en Fête : infos pratiques et programme du 07 au 11 octobre 2026` and calls it `Une fête 100% d’aquí (= ici, en catalan)`. The organiser programme page confirms the same date range but is explicitly `Programme 2026 (en cours de construction)`. Sources accessed 2026-08-19.","confirmat — liveness checked 2026-08-19: organiser and municipal pages remain live, and French/Catalan cancellation and postponement queries returned no festival-wide status exception. Detailed programme is not yet final.",A,2026-10-07-banyuls-vendanges-fete,"{""adreca"": ""festival components are town-wide and current 2026 programme is unfinished; no single primary address is published"", ""data_publicacio_font"": ""organiser page shows no publication/update date"", ""hora_fi"": ""current organiser/municipal festival pages publish no festival-wide closing time"", ""hora_inici"": ""current organiser/municipal festival pages publish no festival-wide opening time"", ""llengua_esdeveniment"": ""municipal contextual copy references Catalan but does not state the programming language(s)"", ""lloc"": ""festival components are town-wide and current 2026 programme is unfinished; no single primary festival venue is published"", ""nom_altra_llengua"": ""municipal source uses Catalan expression `d’aquí` in contextual copy but no published full Catalan festival-title version was recovered"", ""preu"": ""current 2026 programme page does not publish an event-wide tariff; stale 2025 booking links are not used"", ""programme_caveat"": ""organiser page explicitly says `Programme 2026 (en cours de construction)`; individual sessions, venues, prices and bookings are not inferred"", ""url_cartell"": ""no current 2026 poster URL was exposed; 2025 programme/visual links are deliberately excluded""}"
2026-10-09-art-de-la-restauration-finestret,RENDEZ-VOUS DU PAYS D'ART ET D'HISTOIRE CONFÉRENCE - L'ART DE LA RESTAURATION,fr,null,2026-10-09,vendredi,2026-10-09,18:00,20:00,Salle polyvalente,"1, carrer del Graons, 66320 Finestret",Finestret,Conflent,Conflent,conference/talk,null,"L'architecte Caroline Serra pose un regard expert sur le bâti du Conflent : matériaux, techniques et typologies locales. Une rencontre pour mieux comprendre les enjeux actuels de la conservation du patrimoine architectural et la transmission des savoir-faire.  
Réservation obligatoire : 04 68 05 60 55.",fr,null,Pays d'art et d'histoire Conflent Canigó,null,https://www.tourisme-canigo.com/pays-dart-et-dhistoire-conflent-canigo/,https://www.tourisme-canigo.com/agenda/rendez-vous-du-pays-dart-et-dhistoire-conference-lart-de-la-restauration-fmalar066v52ybxr/,null,2026-08-19,"RENDEZ-VOUS DU PAYS D'ART ET D'HISTOIRE CONFÉRENCE - L'ART DE LA RESTAURATION

L'architecte Caroline Serra pose un regard expert sur le bâti du Conflent : matériaux, techniques et typologies locales. Une rencontre pour mieux comprendre les enjeux actuels de la conservation du patrimoine architectural et la transmission des savoir-faire.  
Réservation obligatoire : 04 68 05 60 55.

* vendredi 09 octobre 2026
  
  de
  18h00
  à 20h00

Organisateur : Pays d'art et d'histoire Conflent Canigó
Salle polyvalente
1, carrer del Graons
66320 FINESTRET",The official Conflent Canigó event page expressly lists “vendredi 09 octobre 2026” from 18h00 to 20h00 with the organiser and full address; it shows no publication/update date and was accessed 2026-08-19. A 2026 search result from the current Visit Canigó mirror independently lists the 9 October 2026 date and compulsory-reservation phone number.,"confirmat — liveness checked 2026-08-19: the official Conflent Canigó event page and current Visit Canigó mirror show the 9 October 2026 event; targeted searches for annulée and reportée found no cancellation, postponement, relocation or closure notice.",A,2026-10-09-finestret-rendez-vous-pays-art,"{""data_publicacio_font"": ""official event page shows no publication or last-update date"", ""llengua_esdeveniment"": ""official source does not state the language in which the conference is delivered"", ""nom_altra_llengua"": ""no sourced published Catalan translation found"", ""preu"": ""official source publishes no price or gratuity statement"", ""url_cartell"": ""no direct dated event-poster URL was exposed on the official tourism page"", ""url_reserva"": ""listed as the organiser information page because the official event page requires reservation by telephone (04 68 05 60 55) and provides no transactional booking URL""}"
2026-10-10-gioia-paalada,GIOIA,fr,null,2026-10-10,samedi,2026-10-10,18:00,19:00,Église de Saint Martin de Palaldà,"Place de la Nation, Amélie-les-Bains, Palalda","Palaldà / Palalda, Amélie-les-Bains-Palalda",Vallespir,Vallespir,music,null,"Depuis des siècles, la musique, en tant qu'expression artistique de premier ordre, se voit attribuer le pouvoir de susciter des émotions profondes. Ce pouvoir a été largement étudié et théorisé par de nombreux auteurs et compositeurs, philosophes et poètes, allant de René Descartes, avec son œuvre Les Passions de l'Âme (1649), à Johann Mattheson avec Der vollkommene Capellmeister (1739).

De ces réflexions est née la « teoria degli affetti », qui identifiait diverses passions structurées principalement autour de deux facteurs : l'activité ou l'inactivité des esprits vitaux et la notion de plaisir par opposition à la douleur.

Parmi les passions primaires citées par Descartes, la joie est une émotion active et agréable. Émotion vitale et positive, elle a été exprimée par de nombreux compositeurs de diverses nations. De Joseph Bodin de Boismortier, à la mélodie fine et mémorable, au Napolitain Francesco Provenzale, qui réalise une parodie pleine d'humour d'une autre cantate contemporaine exagérément pompeuse (œuvre du Napolitain Luigi Rossi également), en passant par Giovanni Battista Bassani avec sa cantate Il musico svagliato, entre autres.

Un programme hommage à la joie de vivre qui vise à toucher l’auditeur comme un remède vital. Plus que jamais, l’auditeur ne restera pas indifférent",fr,null,Festival Vallespir Barroc / BARROC.CAT,"Plein tarif 15,00 €; adhérent 10,00 €; deuxième personne du couple 12,00 €; à partir du deuxième concert 12,00 € sous condition publiée; demandeur d'emploi ou étudiant majeur 10,00 €; moins de 18 ans, bénévole, invité gratuit.",https://barroc-cat.assoconnect.com/collect/description/729235-r-concert-timothe-bougon-avec-ensemble-astrolabi,https://www.vallespirbarroc.fr/copie-de-copie-de-copie-de-la-fenice-avenire,null,2026-08-19,"Samedi 10 octobre 2026 à 18h
Église de Saint Martin de Palaldà (Place de la Nation, Amélie-les-Bains, Palalda)","Organiser: Festival Vallespir Barroc, Édition 2026 page (page shows no publication date), accessed 2026-08-19. Independent municipal confirmation: Amélie-les-Bains post published 2026-08-11 stating 'Retrouvez toutes les informations et le programme complet sur le site de l’édition 2026 du Festival Vallespir Barroc'.","confirmat — liveness checked 2026-08-19: organiser event page and active BARROC.CAT booking route show no annulé, reporté, complet or déplacé notice; the published sales period remains open.",A,2026-10-10-paalada-gioia,"{""data_publicacio_font"": ""organiser event page shows no publication or last-update date"", ""llengua_esdeveniment"": ""source does not state the language in which the performance is held"", ""nom_altra_llengua"": ""no sourced published Catalan translation"", ""url_cartell"": ""no dated event-specific poster on organiser page, municipal announcement or booking page; the organiser page image is an ensemble photograph rather than a dated event poster""}"
2026-10-10-marche-nordique-rando-sante-saint-jean-pla-de-corts,JOURNÉE MARCHE NORDIQUE ET RANDO SANTÉ,fr,null,2026-10-10,samedi,2026-10-10,null,null,Saint-Jean-Pla-de-Corts,null,Saint-Jean-Pla-de-Corts / Sant Joan la Pla de Corts,Vallespir,Vallespir,sport and wellbeing,null,Journée de Marche Nordique et de la Rando Santé. Les conditions météorologiques nous ont obligées à reporter cette manifestation. Elle est reprogrammée le 10 Octobre 2026 à St Jean de Pla de Corts.,fr,https://cdrp66.fr/wp-content/uploads/2026/06/Affiche-MN-RS-2026.jpg,Comité FFRandonnée Pyrénées-Orientales,null,null,https://cdrp66.fr/journee-marche-nordique-et-rando-sante-27-06-2026-villeneuve-de-la-raho/,2026-04-27 — organiser’s current À la une listing date,2026-08-19,"Les conditions météorologiques nous ont obligées à reporter cette manifestation.

Elle est reprogrammée le 10 Octobre 2026 à St Jean de Pla de Corts.",The Comité FFRandonnée Pyrénées-Orientales current organiser page explicitly confirms that weather forced postponement and that the event is reprogrammed for Saturday 10 October 2026 in Saint-Jean-Pla-de-Corts. The organiser’s À la une page lists the item with 27 April 2026 publication date. Its attached front poster is for the superseded 27 June Villeneuve-de-la-Raho occurrence; it is retained only as an organiser-published image asset and never used to transfer original time/place/programme to the new date. Source accessed 2026-08-19.,"confirmat — current organiser page is itself the reprogramming notice, accessed 2026-08-19; French/Catalan cancellation, postponement, closure and time-change queries returned no later 10 October-specific status exception.",A,2026-10-10-saint-jean-pla-de-corts-marche-nordique-rando,"{""adreca"": ""reprogramming notice names Saint-Jean-Pla-de-Corts but no precise site"", ""hora_fi"": ""reprogramming notice gives date and town only; original 27 June poster time cannot be transferred"", ""hora_inici"": ""reprogramming notice gives date and town only; original 27 June poster time cannot be transferred"", ""llengua_esdeveniment"": ""source does not state language(s) used in activity"", ""nom_altra_llengua"": ""no verified published Catalan title recovered"", ""poster_schedule_limit"": ""direct poster URL visibly advertises superseded 27 June 2026 Villeneuve-de-la-Raho schedule; it is linked only as current source asset with non-transfer note"", ""preu"": ""reprogramming notice provides no price; original poster does not publish a fee for the reprogrammed occurrence"", ""url_reserva"": ""no revised 10 October registration URL is published""}"
2026-10-10-trobada-etoilee-des-balcons-nors-arboussols,NATURE ET PATRIMOINE 2026 : TROBADA ÉTOILÉE DES BALCONS NORS,fr,null,2026-10-10,samedi,2026-10-10,19:00,01:00,Église Sainte-Eulalie,66320 Arboussols,Arboussols,Conflent,Conflent,other,null,"Tout au long de l’année, le Syndicat Mixte Canigo Grand Site propose un programme d’animations varié, pensé pour tous les publics : sorties nature, découvertes du patrimoine, rencontres et moments de partage.  
  
Que vous soyez curieux, passionné ou simplement en quête d’une activité conviviale, nos rendez-vous sont l’occasion idéale de découvrir le territoire autrement, dans une ambiance chaleureuse et accessible à tous.  
  
Le 10 octobre : Rendez-vous à l'église Sainte-Eulalie pour une repas partagé suivi d'une soirée astronomie animée par des passionnés. Prévoir repas, vêtement chaud et lampe torche. Réservation au 06 45 83 48 55.",fr,null,Syndicat Mixte Canigo Grand Site,null,null,https://www.tourisme-canigo.com/agenda/nature-et-patrimoine-2026-trobada-etoilee-des-balcons-nors-fmalar066v52vuyu/,null,2026-08-19,"NATURE ET PATRIMOINE 2026 : TROBADA ÉTOILÉE DES BALCONS NORS

Le 10 octobre : Rendez-vous à l'église Sainte-Eulalie pour une repas partagé suivi d'une soirée astronomie animée par des passionnés. Prévoir repas, vêtement chaud et lampe torche. Réservation au 06 45 83 48 55.

* samedi 10 octobre 2026
  
  de
  19h00
  à 01h00

NATURE ET PATRIMOINE 2026 : TROBADA ÉTOILÉE DES BALCONS NORS
66320 ARBOUSSOLS",The official Conflent Canigó page expressly lists “samedi 10 octobre 2026” from 19h00 to 01h00; it shows no publication/update date and was accessed 2026-08-19. The official regional tourism listing independently exposes the same 10 October 2026 date and reservation number.,"confirmat — liveness checked 2026-08-19: official Conflent Canigó and regional tourism listings display the event; targeted searches for annulée and reportée found no cancellation, postponement, relocation or closure notice.",A,2026-10-10-arboussols-trobada-etoilee-des,"{""data_publicacio_font"": ""official event page shows no publication or last-update date"", ""llengua_esdeveniment"": ""official source does not state the language of the astronomy activity"", ""nom_altra_llengua"": ""no sourced published Catalan translation found"", ""preu"": ""official source publishes no price or gratuity statement"", ""street_address"": ""official source names Église Sainte-Eulalie and municipality but supplies no street address"", ""url_cartell"": ""no direct dated event-poster URL was exposed on the official tourism page"", ""url_reserva"": ""official source gives compulsory reservation by telephone only (06 45 83 48 55), with no booking URL""}"
2026-10-10-trumfesta-run-matemale,TRUMFESTA' RUN,fr,null,2026-10-10,samedi,2026-10-10,16:00,null,Place de la mairie,"Place de la Mairie, 66210 Matemale",Matemale,Capcir,Capcir,sport-as-tradition,fr,"🥔 TRUMFESTA RUN 🥔  
📍 Matemale place de la mairie  
📅 Samedi 10 octobre 2026  
🕓 Départ à 16h

La course la plus décalée de l’année débarque à Matemale pendant la Fête de la Patate organisée par L'Association Les Pieds sur Terre! 🔥

Au programme : une course atypique de 7 km (environ) autour du village, dans la joie et la bonne humeur, pour valoriser le terroir et soutenir les agriculteurs locaux ❤️",fr,https://matemale.fr/wp-content/uploads/formidable/12/Trumfesta-run.jpg,Association Les Pieds sur Terre,null,https://new.sportsnconnect.com/client/events/4qcxw2QvQp1w4exoin9YfZ-trumfesta-run,https://www.instagram.com/p/DZP6M00DKuL/,2026-06-06,2026-08-19,"fetedelapatatematemale 10w

Trumfesta’run samedi 10 octobre 2026 Fête de la patate Matemale À vis inscription !!

June 6","The dated organiser-account post at https://www.instagram.com/p/DZP6M00DKuL/ was published 2026-06-06 and explicitly says “Trumfesta’run samedi 10 octobre 2026 Fête de la patate Matemale”. The primary Matemale tourism/municipal page at https://matemale.fr/ links a direct event poster reading “Fête de la Patate Matemale — Trumfesta Run — Samedi 10 Octobre 2026 — 1ère édition”, and its current event card says “Trumfesta run (fête de la patate) — Samedi 10 octobre — Matemale”. The booking platform is a cross-check only; it supplies the 16:00 start, Place de la mairie, approximate 7 km course, and association name. All sources were accessed 2026-08-19.","confirmat — liveness checked 2026-08-19: current municipal tourism card, direct official poster, dated organiser-account post and active registration page each show 10 October 2026; targeted annulée/reportée searches found no cancellation, postponement, relocation or sold-out notice. A misleading search-result phrase about a Pass Culture cancellation was opened and found not to be present in the organiser post.",A,2026-10-10-matemale-trumfesta-run,"{""data_publicacio_municipal_source"": ""the current municipal tourism page linking the poster has no publication or last-update date; the dated organiser post is used as the specific source URL"", ""hora_fi"": ""current municipal card, dated organiser post, official poster and registration page publish the 16:00 start but no end time"", ""language_scope"": ""event language marked fr because all published organiser, municipal and registration material retrieved is French; no explicit language declaration appears"", ""nom_altra_llengua"": ""no sourced published Catalan translation found"", ""preu"": ""no fee appears in the current official municipal card, official poster, dated organiser post or retrieved registration text"", ""source_structure"": ""the municipal evidence is a current homepage event card plus direct poster rather than a dedicated event webpage; the specific dated organiser post is retained in url_font to meet the event-level URL and publication-date requirement""}"
2026-10-11-orgue-eclats-arles-sur-tech,Concert d’Orgue — « L’orgue dans tous ses éclats »,fr,null,2026-10-11,dimanche,2026-10-11,17:00,18:30,Abbaye Sainte-Marie,"Voie Communale Valls Jean Baptiste Barja, 66150 Arles-sur-Tech",Arles-sur-Tech,Vallespir,Vallespir,music,null,"« L’orgue dans tous ses éclats » : Suzan WOODSON, orgue",fr,null,Les Amis de l'Orgue,Entrée gratuite,null,https://www.tourisme-pyreneesorientales.com/agenda/concert-dorgue-arles-sur-tech-fr-6228266/,null — official page exposes no visible publication/update date,2026-08-19,"Dimanche 11 octobre de 17:00 à 18:30

« L’orgue dans tous ses éclats » : Suzan WOODSON, orgue

Entrée gratuite","The official departmental tourism page at https://www.tourisme-pyreneesorientales.com/agenda/concert-dorgue-arles-sur-tech-fr-6228266/ explicitly gives Sunday 11 October 2026 17:00–18:30, the exact title, performer, free entry and address. The municipality-linked IntraMuros detail at https://www.intramuros.org/arles-sur-tech/agenda/843485 independently gives the same 11 October date, 17:00, Abbaye Sainte-Marie, performer and Les Amis de l’Orgue organiser. Sources accessed 2026-08-19.","confirmat — liveness checked 2026-08-19: official departmental tourism and municipality-linked agenda agree, and targeted annulé searches found no cancellation, postponement, relocation or sold-out notice.",A,2026-10-11-arles-tech-orgue-eclats,"{""data_publicacio_font"": ""official departmental page displays no visible publication/update date"", ""llengua_esdeveniment"": ""sources do not explicitly declare the concert-language field"", ""nom_altra_llengua"": ""no sourced published Catalan title version found"", ""url_cartell"": ""official source exposes a generic concert image but no direct original asset URL was recovered"", ""url_reserva"": ""current sources expose no booking URL""}"
2026-10-14-jeux-societe-ille-sur-tet,JEUX DE SOCIETE,fr,null,2026-10-14,mercredi,2026-10-14,15:00,17:00,Médiathèque d'Ille sur Têt,"5 Rue de l'Égalité, 66130 Ille-sur-Têt",Ille-sur-Têt / Illa,Rosselló,Rosselló,other,null,"Venez nombreux à la médiathèque d'Ille sur Têt pour partager un après midi autour des jeux de société.  
Tout Public.  
Gratuit.  
  
Le MERCREDI 14 OCTOBRE de 15h à 17h.",fr,null,null,gratuit,null,https://www.tourisme-roussillon-conflent.fr/destinations/fetes-et-manifestations/jeux-de-societe-12/,null — official tourism detail shows no publication/update date,2026-08-19,"Venez nombreux à la médiathèque d'Ille sur Têt pour partager un après midi autour des jeux de société.
Tout Public.
Gratuit.

Le MERCREDI 14 OCTOBRE de 15h à 17h.

5 rue de l'Egalité 66130 ILLE-SUR-TET","The official Roussillon-Conflent Tourism agenda card explicitly dates this distinct record 14/10/2026 at Ille-sur-Têt; the current detail specifies Wednesday 14 October, 15:00–17:00, 5 rue de l’Égalité and free admission. Source accessed 2026-08-19.",confirmat — liveness checked 2026-08-19: current official tourism agenda/detail remain live; French/Catalan cancellation and postponement searches returned no status exception.,B,2026-10-14-ille-sur-tet-jeux-societe,"{""data_publicacio_font"": ""official tourism detail shows no publication/update date"", ""llengua_esdeveniment"": ""source does not state activity language(s)"", ""nom_altra_llengua"": ""no sourced published Catalan event-title version recovered"", ""organitzador"": ""official tourism source lists a venue telephone but no organiser"", ""session_modelling"": ""separate row because official tourism publishes a separate individual date page and no recurrence rule or confirmed November date"", ""url_cartell"": ""no direct dated poster or event image was exposed"", ""url_reserva"": ""source provides no booking URL"", ""year_evidence"": ""detail states only weekday/month; its current official parent agenda card supplies the explicit 14/10/2026 year confirmation""}"
2026-10-18-journees-medievales-belesta,JOURNÉES MÉDIÉVALES,fr,null,2026-10-18,dimanche,2026-10-18,null,null,Château-Musée de Bélesta,"5 Rue du Château, 66720 Bélesta",Bélesta,Fenolleda,Rosselló,heritage & tradition,null,"Le Château-Musée de Bélesta fête les Journées médiévales : chants, spectacles médiévaux et conférence sur les Troubadours Roussillonnais par l’historien Michel Adroher.",fr,null,Château-Musée de Bélesta,null,null,https://www.agly-tourisme.com/agenda/journees-medievales/,null,2026-08-19,"JOURNÉES MÉDIÉVALES

18 Oct 2026

Musée Bélesta

Le Château-Musée de Bélesta fête les Journées médiévales : chants, spectacles médiévaux et conférence sur les Troubadours Roussillonnais par l’historien Michel Adroher.

5 Rue du Château 66720 BELESTA","The official Agly Tourism event detail page expressly gives “18 Oct 2026” and the official Roussillon Conflent listing independently gives “18/10/2026 | BELESTA”; both accessed 2026-08-19 and show no publication/update date. A secondary related-card element on the Agly page showed 17 October, treated as a stale listing conflict because both direct/current listings agree on 18 October.","confirmat — liveness checked 2026-08-19: the official Agly Tourism and Roussillon Conflent pages display the 18 October 2026 event and targeted searches found no annulée, reportée, fermeture or déplacée notice.",A,2026-10-18-belesta-journees-medievales,"{""data_publicacio_font"": ""official Agly Tourism and Roussillon Conflent event pages show no publication or last-update date"", ""date_conflict"": ""A related-card element on Agly Tourism says 17 October 2026, but its own specific event page and an independent official Roussillon Conflent listing both say 18 October 2026; 18 October is retained with the conflict documented."", ""hora_fi"": ""official Agly Tourism and Roussillon Conflent event pages do not publish an end time"", ""hora_inici"": ""official Agly Tourism and Roussillon Conflent event pages do not publish a start time"", ""llengua_esdeveniment"": ""official sources do not state the language in which the conference and performances are held"", ""nom_altra_llengua"": ""no sourced published Catalan translation"", ""preu"": ""official event pages publish no price or gratuity statement"", ""url_cartell"": ""official event pages expose only a generic/undownloadable event-photo reference, not a direct dated event-poster URL"", ""url_reserva"": ""official event pages publish no booking URL""}"
2026-10-19-aperitifs-vignerons-banyuls,"APERITIFS VIGNERONS (chaque lundi, 19–26 octobre)",fr,null,2026-10-19,lundi,2026-10-26,18:00,null,null,null,Banyuls-sur-Mer / Banyuls de la Marenda,Rosselló,Rosselló,food & drink,null,"Visite et dégustation animées par le producteur.
RDV à 18H00
Inscription obligatoire au plus tard la veille auprès de l’Office de Tourisme au 04.68.88.31.58

Lundi 19 octobre 2026 : Domaine Berta-Maillol
Lundi 26 octobre 2026 : Olivier Borrat + Coulcher-Voisine",fr,null,Office de Tourisme de Banyuls-sur-Mer / producteurs participants,"10,00 €",null,https://www.banyuls-sur-mer.com/offres/aperitifs-vignerons-banyuls-sur-mer-fr-3141282/,null — official tourism page shows no publication/update date,2026-08-19,"Chaque lundi du 19 octobre 2026 au 26 octobre 2026
18:00

Lundi 19 octobre 2026 : Domaine Berta-Maillol
Lundi 26 octobre 2026 : Olivier Borrat + Coulcher-Voisine

Plein tarif — 10,00 €","The current official Banyuls Tourism detail explicitly publishes the Monday 19–26 October 2026 18:00 recurrence, €10 tariff and both participating producer/date pairs. It does not publish a 12 October occurrence, so the two October rows remain separated. Source accessed 2026-08-19.",confirmat — liveness checked 2026-08-19: the official tourism detail and current target-month agenda remain live; French/Catalan cancellation and postponement queries returned no series-wide status exception.,A,2026-10-19-banyuls-aperitifs-vignerons,"{""adreca"": ""official source provides municipality/map coordinates but no specific per-date address"", ""data_publicacio_font"": ""official tourism page shows no publication/update date"", ""hora_fi"": ""official source publishes start time only"", ""llengua_esdeveniment"": ""source does not state event language(s)"", ""lloc"": ""official source provides only Banyuls-sur-Mer/map coordinates; hosts vary by date and no individual domain address is supplied"", ""nom_altra_llengua"": ""no sourced published Catalan event-title version recovered"", ""recurrence"": ""separate row covers only explicitly published 19 and 26 October Mondays after the unprogrammed 12 October gap"", ""url_cartell"": ""official page exposes a generic autumn photograph, not a direct dated poster"", ""url_reserva"": ""registration is by telephone, with no online booking URL""}"
2026-10-23-visite-maison-eau-le-boulou,VISITE GUIDÉE MAISON DE L’EAU LE BOULOU,fr,null,2026-10-23,vendredi,2026-10-23,10:00,null,Maison de l’Eau et de la Méditerranée,"4 Rue Arago, 66160 Le Boulou",Le Boulou / El Voló,Vallespir,Vallespir,guided tour,null,"Devenez de vrais spécialistes de l’Eau. 5 séquences pour aborder l’eau à différentes échelles : planétaire, méditerranée, locale, thermalisme. Riche de supports interactifs, vous pourrez calculer votre poids en eau, manipuler un globe afin de prendre conscience des inégalités en lien avec l’eau dans le monde, découvrir la naissance de la Méditerranée et la riche biodiversité que l’on peut retrouver.",fr,null,Maison de l’Eau et de la Méditerranée (MEM),plein tarif 8 €; enfant 5 €,null,https://www.tourisme-pyreneesorientales.com/agenda/visite-guidee-maison-de-leau-le-boulou-le-boulou-fr-6681255/,null — official departmental tourism page shows no publication/update date,2026-08-19,"Vendredi 23 octobre à 10:00

4 Rue Arago, Le Boulou

Plein tarif 8,00 €
Tarif enfant 5,00 €

Réservation au 04 68 87 50 10 ou contact@mem-leboulou.fr","The current official Pyrénées-Orientales Departmental Tourism detail explicitly confirms Friday 23 October 2026 at 10:00, MEM/4 Rue Arago, €8 adult/€5 child and source-published MEM booking contacts. It is treated as a one-day session. The separate municipal 22 October same-named listing contains stale July–August/Monday wording and no hour; it is not merged or used to infer recurrence. Source accessed 2026-08-19.","confirmat — liveness checked 2026-08-19: current official Departmental Tourism page remains live; French/Catalan cancellation, postponement, closure and time-change queries returned no selected-session status exception.",A,2026-10-23-le-boulou-visite-maison-eau,"{""data_publicacio_font"": ""official departmental tourism page shows no publication/update date"", ""hora_fi"": ""source publishes start time only"", ""llengua_esdeveniment"": ""source does not state language(s) used in the guided visit"", ""nom_altra_llengua"": ""no verified published Catalan title recovered for the 23 October detail"", ""stale_text_boundary"": ""description contains stale July–August Monday-at-15:00 wording; only the page’s explicit Friday 23 October 2026 10:00 structured date/time is used"", ""url_cartell"": ""source labels Visite guidée été 2026 MEM - OCTOBRE image but exposes no direct recoverable file URL"", ""url_reserva"": ""source provides booking phone/email only, no direct booking URL""}"
2026-10-24-foire-saint-martin-perpignan,FIRA DE SANT MARTÍ,ca,FOIRE SAINT MARTIN,2026-10-24,dissabte,2026-11-22,14:00,00:00,FIRA DE SANT MARTÍ,"A l'aparcament del Palau des Exposicions, Avenue du Palais des Expositions, 66000 Perpinyà / Perpignan",Perpinyà / Perpignan,Rosselló,Rosselló,market/fair,fr,"🎡 Torna la Fira de Sant Martí a Perpinyà! 🎉

Prepara't per a un mes d'emocions, rialles i delícies 🍭  
📅 Del 24 d'octubre al 22 de novembre, la fira torna a la vida!

L'oportunitat perfecta per venir amb família o amics a gaudir de les atraccions, les parades i els parcs infantils ✨

👉 Anoteu les dates, compartiu les notícies i veniu a viure la màgia de Saint-Martin com cada any ❤️  
#FoireSaintMartin #Perpignan #Funfair #GoodDeal #Perpi",ca,https://www.mairie-perpignan.fr/sites/default/files/styles/originale/public/images/foire-saint-martin--affiche.jpg?itok=6S2YZllG,null,null,null,https://www.perpignantourisme.com/ca/agenda/foire-saint-martin/,null,2026-08-19,"Del 24 d'octubre de 2026 al 22 de novembre de 2026, de 14:00 a 00:00
  
  Dies d'obertura: dilluns, dimarts, dimecres, dijous, divendres, dissabte i diumenge

### FIRA DE SANT MARTÍ

A l'aparcament del Palau des Exposicions Avenue du Palais des Expositions 66000 PERPIGNAN",The official Perpignan Tourism Catalan agenda expressly dates ‘FIRA DE SANT MARTÍ’ 24 October–22 November 2026 (page shows no publication or last-update date; accessed 2026-08-19). The official municipal listing independently gives ‘FOIRE SAINT MARTIN’ on the same 2026 dates: https://www.mairie-perpignan.fr/fetes-et-manifestations/foire-saint-martin (page shows no publication or last-update date; accessed 2026-08-19).,"confirmat — liveness checked 2026-08-19: the official municipal and official tourism pages each display the planned 2026 dates; targeted searches for ‘annulée’, ‘reportée’, ‘anul·lada’ and ‘ajornada’ found no 2026 cancellation, postponement, move or sold-out notice.",A,2026-10-24-perpignan-foire-saint-martin,"{""data_publicacio_font"": ""official Perpignan Tourism Catalan page and municipal event page show no publication or last-update date"", ""organitzador"": ""official municipal and tourism pages identify neither a named organiser nor promoter"", ""preu"": ""official municipal page marks the event ‘Gratuit: non’, but neither official page publishes a monetary price"", ""url_reserva"": ""official municipal and tourism pages publish no booking URL""}"
2026-10-31-commando-barjos-saint-jean-pla-de-corts,COMMANDO DES BARJOS,fr,null,2026-10-31,samedi,2026-10-31,16:00,null,Lac de Saint-Jean-Pla-de-Corts,"Lac de Saint-Jean-Pla-de-Corts, 66490 Saint-Jean-Pla-de-Corts",Saint-Jean-Pla-de-Corts / Sant Joan la Pla de Corts,Vallespir,Vallespir,obstacle race,null,"Le soir d'Halloween 2026 ! Le Commando des Barjos vous défie : repousser l'horreur avec une invasion de ROSE ! Une course unique, fun et solidaire. 20 obstacles sur 6 km. Premiers assauts dès 16H00; mission 100% inclusive, accessible aux personnes en situation de handicap. Déguisement recommandé avec une touche de rose obligatoire. Buvette et foodtruck annoncés.",fr,null,Commando des Barjos,null,null,https://www.instagram.com/p/DbvpiDvlajA/,2026-08-07,2026-08-19,"Samedi 31 Octobre 2026

Au Lac de Saint Jean Pla de Corts

Vaincre 20 OBSTACLES sur 6 KM !

Premiers assauts dès 16H00

Mission 100% inclusive, accessible aux personnes en situation de handicap.","The public organiser account `commandodesbarjos` published the current post on 7 August 2026. It explicitly confirms Saturday 31 October 2026, Lac de Saint Jean Pla de Corts, 20 obstacles/6 km, first departures at 16:00, accessibility commitment and an ATS-Sport registration instruction. It thanks the Commune de Saint-Jean Pla de Corts for its welcome. A current organiser Facebook result independently repeats the same Halloween date/lake/6-km proposition. Earlier 2026 Palau-del-Vidre material is a separate June event and is not merged. Source accessed 2026-08-19.","confirmat — liveness checked 2026-08-19: the 7 August organiser post remains live and target-specific; French/Catalan cancellation, postponement, closure and time-change queries returned no 31 October Saint-Jean-specific status exception. Separate June Palau-del-Vidre posts are documented as a different event, not a cancellation.",A,2026-10-31-saint-jean-pla-de-corts-commando-barjos,"{""hora_fi"": ""source gives first departure time only; night waves are mentioned but no end time is stated"", ""llengua_esdeveniment"": ""source does not state language(s) used in event activity"", ""nom_altra_llengua"": ""no verified published Catalan title recovered"", ""organiser_basis"": ""current public account is named Commando des Barjos; municipality is thanked for welcome but not described as organiser"", ""preu"": ""organiser announcement contains no entry price"", ""url_cartell"": ""Instagram page shows poster imagery but exposes no direct recoverable poster file URL"", ""url_reserva"": ""source instructs registration via ATS-SPORT.COM but exposes no event-specific direct registration URL""}"
2026-10-31-tina-arena-perpignan,TINA ARENA,fr,null,2026-10-31,samedi,2026-10-31,20:00,null,Palais des congrès - Auditorium Charles Trénet,null,Perpinyà / Perpignan,Rosselló,Rosselló,music,null,"La star australienne multi-récompensée, aux 10 millions de disques vendus à travers le monde, et 50 ans de carrière, sera en concert en octobre 2026 en France et en Belgique.

Après 15 années d’absence, TINA ARENA revient pour une série de concerts évènements.  
L’occasion pour le public de redécouvrir son incontournable répertoire français et international.  
Retrouvez TINA ARENA en octobre 2026.

Un événement exceptionnel à ne manquer sous aucun prétexte.

PMR : contacter la Boitaclous.",fr,https://www.mairie-perpignan.fr/sites/default/files/styles/originale/public/images/tina-arena---octobre-2026.jpg?itok=fY8qoEwU,null,"Plein tarif : de 49,00 € à 69,00 €",https://www.boitaclous.com/spectacles/tina-arena/,https://www.mairie-perpignan.fr/fetes-et-manifestations/tina-arena,null,2026-08-19,"TINA ARENA

31 octobre 2026

🕖 À 20h

Palais des congrès - Auditorium Charles Trénet
Palais des congrès
66000 PERPIGNAN",Official Ville de Perpignan agenda entry expressly dates TINA ARENA on 31 October 2026 at 20:00; page shows no publication or last-update date; accessed 2026-08-19.,"confirmat — liveness checked 2026-08-19: the official municipal page displays the planned 2026 event and no annulé, reporté, complet or déplacé notice.",A,2026-10-31-perpignan-tina-arena,"{""adreca"": ""official municipal page gives venue name, Palais des congrès and 66000 Perpignan but no street-level address"", ""data_publicacio_font"": ""official municipal page shows no publication or last-update date"", ""hora_fi"": ""official municipal page does not publish an end time"", ""llengua_esdeveniment"": ""official municipal page does not state the performance language"", ""nom_altra_llengua"": ""no sourced published Catalan translation"", ""organitzador"": ""official municipal page supplies Boitaclous as its website/contact but does not explicitly identify an organiser""}"
2026-11-04-festa-centenari-casa-macia-prats-mollo,Festa del Centenari a la Casa Macià,ca,null,2026-11-04,dimecres,2026-11-04,07:30,null,Casa Macià (Vil·la Denise),"La Boixeda, 66230 Prats de Molló",Prats-de-Mollo-la-Preste,Vallespir,Vallespir,heritage,ca,"07:30h. Casa Macià, Prats de Molló. Centenari de la detenció de Francesc Macià i el seu estat major a la Vil·la Denise. Pirotècnia aèria i repic de campanes. Festa del Centenari a la Casa Macià.",ca,null,Associació Amics de la Casa Macià,null,null,https://www.casamacia.cat/programa-centenari-fets-prats-mollo/,2026-04-22,2026-08-19,"Dimecres 4
07:30h. Casa Macià, Prats de Molló. Centenari de la detenció de Francesc Macià i el seu estat major a la Vil·la Denise. Pirotècnia aèria i repic de campanes. Festa del Centenari a la Casa Macià.","The organiser’s public Catalan `Programa del Centenari dels Fets de Prats de Molló`, posted 2026-04-22 at https://www.casamacia.cat/programa-centenari-fets-prats-mollo/, explicitly lists the 4 November 07:30 Casa Macià centenary observance. A current Casa Macià Instagram search result refers to the centenary context and `Casa Macià, del 4 de novembre de 1926`; no contradictory status source was found. Sources accessed 2026-08-19.","confirmat amb limitació — liveness checked 2026-08-19: no targeted cancellation, postponement, relocation or sold-out source was found and the organiser’s 2026 programme remains live. The exact 4 November event has not yet been independently re-announced by a second current source; recheck closer to the date is mandatory.",B,2026-11-04-prats-mollo-festa-centenari,"{""hora_fi"": ""organiser programme gives no end time"", ""nom_altra_llengua"": ""no sourced published French alternative title was found"", ""preu"": ""organiser programme does not publish a tariff or free-entry statement"", ""secondary_confirmation"": ""only the primary organiser programme gives the full 4 November event facts; current corroboration remains insufficient for A confidence"", ""url_cartell"": ""no direct dated event poster was exposed"", ""url_reserva"": ""organiser programme exposes no booking route""}"
2026-11-04-voyage-sensoriel-agly-rivesaltes,VOYAGE SENSORIEL AU COEUR DE LA VALLÉE DE L’AGLY,fr,null,2026-11-04,mercredi,2026-11-04,09:45,17:05,Train Rouge spécial,"Avenue René-Victor Manaut, 66600 Rivesaltes",Rivesaltes / Ribesaltes,Rosselló,Rosselló,food & drink,"fr, de, en, es","Escapade insolite et gustative à bord du Train Rouge Spécial. A bord d’un train VIP de 22 places, ""l’Ambiance"", aménagé dans le style Orient-Express, admirez le paysage, laissez-vous conter son histoire par des artistes, sentez et savourez les trésors de son terroir.",fr,null,Train du Pays Cathare et du Fenouillèdes / Train Rouge,plein tarif 124 €,https://www.letrainrouge.fr/voyage-sensoriel,https://www.rivesaltes-tourisme.com/agenda/voyage-sensoriel-au-coeur-de-la-vallee-de-lagly/,null — official tourism page shows no publication/update date,2026-08-19,"Le 04 novembre 2026 de 09:45 à 17:05

Avenue René-victor Manaut 66600 RIVESALTES

Plein tarif 124€

Langues parlées — Français, Allemand, Anglais, Espagnol","The current official Rivesaltes Tourism detail explicitly confirms Wednesday 4 November 2026 09:45–17:05, Rivesaltes departure address, €124 full tariff, multi-language listing and current Train Rouge booking URL. Source accessed 2026-08-19.","confirmat — liveness checked 2026-08-19: official tourism detail and current organiser booking route remain linked; French/Catalan cancellation, postponement, closure and time-change queries returned no event-specific status exception.",A,2026-11-04-rivesaltes-voyage-sensoriel-agly,"{""data_publicacio_font"": ""official tourism page shows no publication/update date"", ""nom_altra_llengua"": ""no sourced published Catalan event-title version recovered"", ""organiser_basis"": ""source identifies event as Train Rouge and names Train du Pays Cathare et du Fenouillèdes as official nearby partner; no unlisted individual is inferred"", ""url_cartell"": ""official page exposes gallery photographs but no direct dated poster URL""}"
2026-11-08-inauguracio-casa-macia-prats-mollo,Inauguració oficial de la Casa Macià,ca,null,2026-11-08,diumenge,2026-11-08,10:00,null,Casa Macià (Vil·la Denise),"La Boixeda, 66230 Prats de Molló",Prats-de-Mollo-la-Preste,Vallespir,Vallespir,heritage,ca,"10:00 h Inauguració oficial de la Casa Macià. Parlaments institucionals. Homenatge als familiars dels conjurats. Intervencions musicals de Manel Camp (piano), Jordi Molina (tenora) i Lluís Ribalta (percussions). Inauguració de l’exposició permanent i l’audiovisual sobre Francesc Macià i els Fets de Prats de Molló. Dinar al centre del poble. Presentació del llibre Prats de Molló. Fets i gent.",ca,null,Associació Amics de la Casa Macià,null,null,https://www.casamacia.cat/programa-centenari-fets-prats-mollo/,2026-04-22,2026-08-19,"Diumenge 8
10:00 h Inauguració oficial de la Casa Macià.
Parlaments institucionals
Homenatge als familiars dels conjurats
Inauguració de l’exposició permanent i l’audiovisual sobre Francesc Macià i els Fets de Prats de Molló","The organiser’s public Catalan centenary programme, posted 2026-04-22 at https://www.casamacia.cat/programa-centenari-fets-prats-mollo/, explicitly sets the official inauguration for Sunday 8 November at 10:00 and describes its elements. A Spanish national-media search result from La Vanguardia, dated 2026-03-21, independently states that inauguration of Casa Macià’s permanent exhibition will take place on 8 November. Sources accessed 2026-08-19.","confirmat — liveness checked 2026-08-19: organiser programme and independent March 2026 reporting agree on 8 November; targeted anul·lat/ajornat/cancel·lació searches returned no cancellation, postponement, relocation or sold-out notice. Required later recheck applies.",A,2026-11-08-prats-mollo-inauguracio-casa,"{""category_precision"": ""the inauguration combines heritage, music, exhibition, meal and book presentation; it is retained as heritage because the named core event is a heritage-site inauguration"", ""hora_fi"": ""organiser programme provides no final end time for the multi-part inauguration day"", ""nom_altra_llengua"": ""no sourced published French alternative title was found"", ""preu"": ""organiser programme does not publish a tariff or free-entry statement"", ""url_cartell"": ""no direct dated event poster was exposed"", ""url_reserva"": ""programme says reservation information for the village-centre lunch will follow but exposes no current booking route""}"
2026-11-28-foire-saint-andre-vinca,FOIRE SAINT ANDRÉ,fr,FIRA DE SANT ANDRE,2026-11-28,samedi,2026-11-29,null,null,FOIRE SAINT ANDRÉ,66320 Vinça,Vinça,Conflent,Conflent,market/fair,null,"Chaque année pendant tout un weekend, la commune de Vinça vous donne rendez-vous à la foire Saint André pour un moment chaleureux à la rencontre de producteurs et artisans locaux. C'est également l'occasion de découvrir les traditions catalanes avec au programme sardanes, correfocs, castellers et autres animations.",fr,null,Commune de Vinça,null,null,https://www.tourisme-canigo.com/sit/foire-saint-andre-fmalar066v52v5t7/,null,2026-08-19,"FOIRE SAINT ANDRÉ

Du 28 nov
au 29 nov 2026

Du
28/11/26
au
29/11/26

Chaque année pendant tout un weekend, la commune de Vinça vous donne rendez-vous à la foire Saint André pour un moment chaleureux à la rencontre de producteurs et artisans locaux. C'est également l'occasion de découvrir les traditions catalanes avec au programme sardanes, correfocs, castellers et autres animations.",The official Conflent Canigó specific event page expressly gives “Du 28 nov au 29 nov 2026” and “Du 28/11/26 au 29/11/26”; it shows no publication or last-update date and was accessed 2026-08-19. Its official Catalan companion page independently gives “Du 28 novembre au 29 novembre 2026”.,"confirmat — liveness checked 2026-08-19: official French and Catalan Conflent Canigó pages display the 28–29 November 2026 dates; targeted searches for annulée, reportée and moved notices found none.",B,2026-11-28-vinca-foire-saint-andre,"{""data_publicacio_font"": ""official French and Catalan tourism pages show no publication or last-update date"", ""hora_fi"": ""official French and Catalan tourism pages publish no closing time"", ""hora_inici"": ""official French and Catalan tourism pages publish no opening start time"", ""llengua_esdeveniment"": ""the official pages identify Catalan traditions but do not state the spoken/performance language of the event programme"", ""preu"": ""official French and Catalan tourism pages publish no price or gratuity statement"", ""url_cartell"": ""no direct dated event-poster URL was exposed on the official French or Catalan tourism listing"", ""url_reserva"": ""official French and Catalan tourism pages publish no booking URL""}"
